product_id,quantity_on_hand,warehouse,quanity_on_order,expected_delivery,supplier_id
46-948-5913,1004,MA,250,2022-12-08 17:19:30,96126
43-893-1330,1724,NY,1000,2022-03-07 10:07:09,69051
95-097-0580,2208,TX,250,2021-12-13 04:23:16,66434
90-237-1429,737,TX,1000,2023-05-07 00:23:04,96983
21-447-1468,2338,FL,500,2022-07-29 04:29:28,72039
33-473-1626,2781,NJ,750,2021-11-13 20:50:12,95093
32-576-0885,954,NJ,1200,2021-10-02 23:13:40,81899
99-744-8473,176,NY,500,2022-11-02 03:43:16,86084
29-581-5670,2408,CA,1000,2023-02-01 07:56:56,83029
26-576-4133,384,NJ,500,2023-01-25 22:11:08,67402
44-601-6299,1742,TX,100,2022-08-09 09:08:29,91425
18-659-1698,804,MA,1200,2022-09-29 15:50:40,74471
86-345-8607,783,NY,500,2022-11-07 15:58:40,78318
45-315-7391,2022,TX,750,2021-10-29 07:14:00,93520
22-893-9359,1746,MA,750,2022-03-12 03:06:41,74325
70-319-7367,3418,NJ,750,2022-03-20 10:46:58,74222
55-176-1212,349,NY,750,2022-03-05 15:09:47,59291
20-812-9423,2704,TX,1000,2022-02-19 15:05:46,65247
07-187-2068,1579,MA,1000,2022-10-20 22:17:27,95359
86-660-3096,577,FL,1000,2022-08-12 05:41:30,92650
82-936-0245,3390,TX,500,2021-10-23 04:50:00,63373
38-986-3914,1687,NJ,750,2023-02-08 23:47:42,80303
15-897-0929,3379,NY,1200,2022-07-15 18:24:25,91706
02-194-8842,2096,MA,250,2022-09-16 16:24:28,58635
22-924-7236,2699,NY,750,2023-02-08 20:00:59,69823
35-484-8593,1058,FL,1200,2023-05-18 02:36:14,92125
59-235-8516,2890,FL,1200,2023-03-07 10:49:31,80561
48-427-7386,519,FL,750,2021-10-01 05:48:18,83987
59-464-0483,2756,TX,500,2022-11-24 09:37:59,73401
76-769-3874,1022,NY,1200,2022-04-17 07:41:08,57229
43-660-1006,349,MA,1200,2023-02-19 02:39:29,88202
22-281-7656,139,CA,250,2022-04-07 01:16:52,93936
96-354-3235,2579,CA,250,2022-04-27 23:06:51,94483
47-587-7204,480,MA,750,2022-01-13 17:47:13,69198
49-364-2692,1842,NJ,1200,2021-10-30 13:29:35,59787
84-318-8838,1476,NJ,1200,2022-04-24 21:09:41,72822
27-267-9983,239,NJ,500,2022-10-23 05:30:34,70488
08-634-9058,3243,FL,500,2023-02-23 08:18:43,69330
28-258-7778,442,FL,500,2022-02-05 18:36:55,71321
48-787-1942,2542,NY,1200,2023-03-24 14:58:32,94062
74-434-6882,3010,NJ,100,2021-11-15 20:33:43,62786
28-987-5645,722,MA,500,2022-12-03 22:16:36,62233
90-973-9160,1890,MA,1000,2022-11-20 19:11:31,74505
56-189-8541,3389,CA,250,2021-12-18 08:03:26,58132
31-091-0043,1677,NJ,500,2022-08-09 22:02:27,91157
40-026-7642,3218,NY,750,2022-08-11 23:49:54,96626
23-523-2635,2908,FL,1000,2022-12-28 02:41:09,70918
89-199-3864,822,NJ,750,2022-05-30 23:49:28,96213
04-249-9908,1571,CA,1000,2021-09-28 08:54:15,77924
08-420-8922,867,TX,100,2022-07-28 18:37:30,98297
19-466-1137,3244,NY,1000,2021-10-03 17:45:04,85634
79-412-1367,312,TX,1200,2023-05-21 11:40:07,72945
54-605-5928,2142,CA,1000,2022-09-24 14:43:39,66309
71-430-8620,745,FL,500,2023-04-06 22:52:08,88008
72-574-9297,975,NY,100,2022-07-28 02:12:53,80556
12-524-4032,2939,MA,1200,2022-04-29 08:34:30,94011
25-809-8596,881,FL,1200,2022-07-04 02:12:38,71933
18-516-6632,2896,CA,500,2023-04-06 04:35:43,80034
67-455-8729,503,NY,100,2022-12-01 06:38:56,97263
76-803-6985,1890,NY,1200,2022-03-04 07:15:34,68611
11-460-9397,79,NY,750,2022-03-23 20:43:22,57329
38-161-1636,2243,NY,750,2023-03-04 18:30:02,93348
36-386-0886,530,NY,1000,2021-12-27 14:09:52,64710
37-136-3227,832,CA,250,2023-05-09 21:50:23,76684
58-879-6696,3434,NJ,500,2022-01-24 15:40:52,93214
68-446-2329,3400,TX,1200,2023-02-26 12:26:14,63313
07-835-1281,1440,CA,250,2022-05-13 17:56:22,63069
16-756-6093,1897,NY,250,2021-11-12 22:25:30,60766
74-834-0331,1072,CA,750,2022-04-23 00:07:30,72397
78-125-9301,1862,NJ,1200,2023-06-19 00:14:42,69982
49-912-4657,1813,NJ,100,2023-03-28 00:52:42,71228
79-734-9794,1042,CA,750,2022-07-05 09:49:12,74417
55-123-5127,3209,NJ,750,2023-03-16 01:08:12,79409
34-694-7654,2783,FL,250,2021-11-01 05:17:26,97386
91-127-6066,2485,CA,500,2022-06-29 16:26:02,71080
37-532-7332,1694,TX,1000,2022-11-21 17:13:48,64926
20-981-0667,262,TX,750,2022-09-23 12:51:17,83315
22-981-4583,1699,FL,100,2021-09-27 10:00:14,78072
90-469-6549,615,NY,500,2022-06-26 13:15:02,64129
54-281-5260,691,FL,1000,2023-06-18 20:43:22,69188
32-224-9219,133,NJ,250,2022-02-19 10:18:01,77458
34-324-5825,2688,TX,250,2022-07-20 11:56:42,76893
50-547-2304,1382,NY,100,2022-01-09 22:16:38,88099
56-658-1006,926,NY,750,2022-07-15 11:48:33,66351
01-200-7203,805,NJ,750,2022-09-05 14:27:27,75188
37-554-0462,2148,NJ,250,2023-02-26 01:48:10,72733
86-603-2403,1436,NJ,1000,2022-10-08 11:42:30,65315
99-871-1480,2237,CA,100,2021-10-02 16:48:50,93138
71-612-9943,1748,CA,750,2021-12-10 21:55:38,64883
52-714-4796,2955,MA,500,2023-01-11 17:18:35,82639
91-454-9788,983,TX,1000,2021-11-02 05:04:28,87221
70-029-3795,2323,MA,100,2022-08-11 00:54:32,58803
69-480-5409,3141,FL,250,2021-10-29 01:29:56,83393
94-651-1876,1764,NJ,1000,2022-03-11 22:19:46,64046
09-346-0611,3260,TX,1000,2022-03-09 18:44:15,95013
79-671-4266,1965,MA,250,2022-03-19 00:35:36,75634
53-662-0094,1080,CA,250,2022-04-11 17:37:30,74935
76-229-0620,1199,CA,1200,2021-11-22 03:30:48,58047
67-795-9025,646,MA,750,2021-11-23 15:18:00,57236
94-430-2242,1238,NJ,1200,2022-03-09 23:31:52,70702
75-211-4087,3054,FL,100,2022-05-01 06:19:40,94310
12-419-3774,2231,FL,1000,2023-06-16 15:35:21,77294
10-885-3901,1923,FL,1200,2023-04-02 04:22:16,90064
62-780-4847,3281,NJ,100,2021-11-08 07:51:46,83888
95-848-5310,2747,TX,100,2023-06-09 13:03:48,79095
55-319-1151,614,MA,1000,2022-10-01 04:26:43,95097
51-718-3145,397,CA,1000,2023-06-12 20:03:09,95894
05-386-9051,3099,CA,750,2022-07-25 09:11:39,80247
12-322-5300,3355,CA,100,2022-08-19 17:41:36,63739
07-857-7950,344,FL,750,2022-11-10 23:21:05,88219
62-018-6939,446,NJ,750,2021-11-29 10:33:31,69657
63-245-6863,2756,TX,250,2021-10-10 10:12:07,98723
09-433-0963,2260,MA,1000,2023-01-29 18:44:42,59116
64-670-9026,2312,FL,100,2022-08-13 03:34:27,76792
48-438-8738,2596,FL,1000,2021-11-27 13:02:21,85900
95-302-1966,2225,MA,1000,2023-05-31 04:44:02,96896
92-204-0094,1346,MA,750,2021-12-25 22:26:41,77945
67-428-5509,2004,MA,1200,2022-01-13 14:26:37,95136
62-112-2485,2274,MA,1000,2022-10-19 21:14:46,57487
14-194-9094,2249,TX,1200,2021-12-02 13:45:50,86141
47-849-0666,3127,NY,500,2023-04-24 06:17:41,71524
83-236-4749,715,NY,250,2021-10-30 12:34:06,95904
51-877-2039,1193,TX,500,2023-04-12 07:32:10,64036
88-844-5141,368,NJ,1000,2022-07-02 04:45:35,87028
53-760-1865,2776,MA,500,2021-12-07 16:51:09,97504
69-712-1690,2722,FL,100,2021-11-21 06:43:52,81854
57-272-6011,2633,TX,100,2022-01-06 14:23:36,91839
66-687-1450,1860,TX,100,2022-01-31 17:34:54,61386
37-398-8396,3122,CA,250,2022-10-20 17:50:23,70117
53-920-4928,1069,FL,750,2021-09-30 21:37:49,72705
87-480-2495,2495,CA,1000,2023-03-10 17:11:30,85596
10-571-1621,1818,TX,750,2022-03-17 12:47:31,97131
37-401-5065,1898,FL,500,2022-12-30 14:53:26,76731
89-992-2265,1326,FL,500,2021-11-18 00:29:04,71326
13-693-4033,1582,NY,1000,2022-06-22 03:59:05,62809
47-441-7199,1146,NY,750,2022-07-30 11:59:35,77736
38-225-2304,2455,NJ,750,2022-12-23 20:18:10,92188
53-806-8621,2247,NJ,250,2021-11-13 16:57:55,84758
45-398-1454,2597,FL,1200,2022-05-07 17:03:33,66436
54-668-0256,1076,NY,250,2021-09-28 18:46:47,67132
80-922-3600,2221,NY,1000,2022-07-23 14:36:58,60419
98-765-9068,2643,TX,1200,2022-08-24 20:26:22,58620
20-917-6403,850,NY,250,2022-08-08 01:39:46,70092
83-279-0511,1995,CA,250,2022-07-19 12:25:31,92254
24-609-9137,1451,FL,1200,2022-02-14 03:44:29,86473
65-848-7385,3464,NY,750,2022-10-05 04:38:14,79028
82-002-7253,3176,MA,750,2022-08-05 09:57:05,93402
73-628-9082,2360,FL,100,2022-05-06 02:02:57,58668
82-840-0428,1223,CA,500,2022-05-07 07:50:50,57999
19-606-8219,2733,NJ,500,2023-03-22 23:57:13,60148
41-029-2970,2388,NY,500,2023-04-21 14:59:57,61335
32-493-7153,1425,NY,500,2021-11-29 17:25:02,79955
65-171-5218,1559,NY,500,2022-09-04 21:48:12,73515
80-724-7565,1754,FL,100,2022-08-28 21:26:08,59622
37-801-8143,2136,TX,500,2022-08-28 21:52:18,72157
96-920-6424,3012,MA,1200,2022-01-15 06:31:49,63733
08-623-5589,3458,FL,100,2022-10-27 22:38:39,79543
33-959-9452,2964,MA,1200,2022-06-11 08:00:23,64067
46-153-1064,1309,TX,250,2022-11-24 19:50:09,75824
10-285-0590,2960,MA,750,2023-03-23 14:11:36,65512
77-872-3563,329,FL,750,2022-06-02 14:24:07,70695
15-733-4931,508,NJ,100,2022-05-02 19:47:57,90525
39-348-4910,3186,TX,1000,2022-08-14 22:58:23,80304
40-887-0243,806,NY,1200,2023-02-24 07:59:08,92924
50-032-9758,2255,NY,250,2022-09-15 14:36:35,92497
32-063-0536,2995,NY,1000,2021-11-10 20:00:47,76562
63-222-5986,3106,MA,500,2023-03-22 16:46:06,89790
33-899-3660,1401,MA,250,2022-05-14 16:45:59,84007
95-936-0890,3222,TX,1200,2022-03-19 19:03:34,97538
75-649-9329,489,CA,500,2023-01-14 10:28:24,95016
33-627-6884,1836,NJ,1000,2023-01-04 06:48:41,76293
93-908-9029,1710,FL,500,2022-03-20 00:11:28,77292
27-042-7633,3074,NY,750,2021-10-12 23:57:03,92937
13-773-4529,2348,NJ,100,2021-11-09 15:51:41,63021
14-071-9842,1790,NY,1000,2022-12-31 01:48:28,65644
78-359-3046,562,MA,100,2022-04-19 11:34:06,70876
38-978-8510,140,MA,1000,2023-04-20 13:02:21,80845
51-873-3475,1279,FL,1200,2022-11-01 23:42:34,92011
96-822-4413,966,NY,100,2022-03-27 00:10:39,80300
64-040-1588,3360,CA,500,2021-10-02 07:11:49,91635
05-262-9110,1050,NJ,500,2023-05-26 04:03:46,75166
09-859-4846,957,FL,1200,2022-06-04 18:37:38,83582
91-609-0510,849,MA,1200,2023-01-30 05:54:24,60405
73-998-7827,545,TX,750,2022-07-01 00:30:26,86416
15-729-5370,1760,TX,1200,2022-12-07 08:08:10,66169
27-463-6693,1037,CA,100,2021-11-25 10:20:18,58677
17-565-9430,1017,CA,100,2023-02-24 09:17:12,66083
16-018-3243,349,NY,1000,2022-08-26 23:36:59,68049
01-329-5317,677,NY,250,2021-10-30 00:08:08,71566
80-082-1689,3202,TX,250,2022-03-11 18:06:37,88237
61-127-4942,2051,MA,100,2022-01-26 10:12:44,82008
66-013-1952,258,MA,750,2023-05-25 12:48:48,62936
82-218-1590,1834,MA,1000,2023-01-02 08:09:08,63594
19-861-8676,2729,CA,1000,2022-10-15 09:42:48,81998
43-667-3772,83,MA,250,2021-10-02 04:02:44,80949
66-218-9592,1002,FL,1200,2022-07-13 01:22:12,93642
00-441-9974,3330,TX,1200,2022-05-22 04:20:54,92616
92-546-1456,656,NY,250,2022-09-28 20:12:44,64253
76-780-9026,2281,NJ,1200,2023-04-30 14:55:36,97238
19-606-0522,1461,CA,500,2022-04-06 13:48:22,75255
48-480-8139,2766,TX,100,2022-05-22 05:37:41,81033
35-849-9031,1255,CA,750,2022-07-22 16:48:24,62460
84-937-4151,162,MA,1000,2023-01-23 15:24:18,70834
14-891-0657,336,MA,250,2023-02-10 12:37:54,65204
99-246-9543,681,NY,1000,2022-12-10 13:22:00,59358
42-793-5342,612,NY,500,2022-11-05 02:04:46,72194
11-231-2659,2681,MA,750,2023-04-18 02:45:01,82897
34-716-7383,1133,FL,250,2022-05-30 18:15:05,67138
79-248-4506,2530,TX,100,2023-05-28 07:04:03,83357
29-859-6431,1809,NY,250,2023-04-29 13:42:37,93829
90-966-8176,325,TX,500,2022-08-30 18:14:16,70482
90-604-3614,1639,MA,250,2022-09-27 14:50:48,80454
16-239-5088,1835,TX,250,2022-12-06 16:54:00,90725
52-858-5581,1413,CA,100,2022-05-18 17:07:57,74057
77-603-3317,555,NY,750,2022-12-14 00:58:22,58086
86-201-6583,1909,NJ,750,2022-07-31 09:05:11,97588
63-644-3431,1209,NY,750,2022-11-14 15:14:11,88047
38-178-3654,626,NY,500,2022-01-06 22:26:34,59294
87-326-1251,912,MA,1200,2022-04-29 12:57:12,83857
63-464-9277,186,NJ,1200,2022-10-31 13:52:08,58938
68-545-1239,2686,MA,500,2022-06-13 10:14:28,96028
00-538-3319,3369,CA,250,2022-05-04 17:07:43,70609
21-158-4099,1544,CA,1000,2022-10-02 15:57:44,68066
09-677-4034,2912,TX,500,2023-02-22 11:32:58,79124
02-631-5986,3396,CA,100,2023-01-21 08:03:41,75217
20-346-4337,1589,NY,750,2022-07-31 16:21:39,75865
56-461-1349,2056,CA,750,2022-08-26 10:02:16,64741
89-748-1159,1193,NY,500,2022-09-12 01:00:03,93770
79-239-7914,583,NJ,500,2022-01-04 19:11:37,66759
79-420-9628,400,FL,1200,2023-02-21 17:48:13,90528
28-961-0535,77,TX,1200,2022-01-13 00:09:15,84978
66-475-9301,2320,FL,1000,2022-08-04 11:32:14,61408
14-286-4896,3352,MA,250,2023-03-05 10:25:09,84624
43-812-9321,1500,NJ,500,2022-01-13 03:58:42,59160
33-269-5929,815,TX,750,2023-03-08 12:58:46,89671
76-764-3210,1924,TX,1000,2022-07-08 06:57:00,66915
02-892-8513,483,MA,1200,2022-06-16 17:00:50,74203
11-725-7600,2546,MA,500,2022-07-12 17:45:46,94524
87-191-4899,1544,CA,1000,2023-03-03 08:56:10,58097
06-674-8750,1732,MA,1000,2023-03-29 23:34:12,65329
93-788-6220,444,TX,1200,2023-03-30 15:17:19,79243
67-808-4287,1171,NY,1200,2021-11-06 01:14:07,93410
61-207-7089,2974,CA,1000,2021-10-31 23:57:50,75221
20-921-9132,1118,TX,1000,2022-05-16 10:33:32,65349
64-794-4738,391,NY,100,2022-11-16 06:59:14,57316
19-214-1612,3232,NY,500,2022-10-19 02:16:31,58906
24-997-6216,245,MA,750,2022-11-25 22:15:54,98211
56-410-2569,2601,MA,1200,2021-10-03 05:34:56,83274
12-347-6466,2331,TX,100,2022-01-12 13:25:05,61371
69-372-9140,1609,CA,750,2023-04-27 14:57:49,94934
74-747-2305,3277,MA,1000,2022-12-18 13:41:45,96509
71-853-0177,1656,TX,500,2023-03-02 22:05:35,78357
38-970-9232,3143,NJ,250,2022-11-14 12:43:05,68256
87-107-2964,1820,FL,1200,2022-08-24 20:45:15,83760
09-862-0379,2730,MA,500,2023-02-18 11:24:53,68206
65-043-1832,2335,NJ,750,2022-09-03 20:10:34,78213
55-339-1143,3313,MA,250,2023-04-02 00:14:10,88617
06-259-1052,1415,CA,250,2022-10-02 01:35:09,72558
48-191-4924,1956,FL,1200,2022-08-07 10:14:42,70561
64-002-8400,968,NJ,250,2022-05-11 17:03:22,70195
76-993-6482,2149,NJ,1200,2021-10-12 23:01:27,88361
03-858-2343,1117,FL,100,2022-05-22 17:03:07,96725
56-215-8233,555,NY,250,2023-05-12 06:12:03,62993
25-185-6357,159,MA,100,2021-11-25 03:09:52,90841
57-037-1773,1587,FL,750,2022-01-29 12:13:48,65340
76-414-1392,1881,NY,1000,2021-10-03 23:32:05,76161
85-463-1435,1099,NY,100,2021-10-11 23:50:19,88807
12-584-8994,2018,NY,750,2022-12-07 15:17:09,88423
12-486-8920,732,CA,750,2021-10-13 15:56:24,78582
72-079-5223,2841,NJ,750,2022-08-10 09:44:18,92019
08-014-2361,2787,NJ,100,2022-04-06 19:08:22,90641
53-751-3663,2989,NY,1200,2022-06-05 11:35:24,81379
00-835-3861,53,CA,750,2022-05-14 20:13:48,81620
00-041-3682,1331,TX,750,2022-05-01 00:13:48,69058
11-722-5865,3449,NY,500,2023-03-30 16:36:27,91405
13-233-0123,2163,FL,100,2022-09-04 15:02:02,67147
24-559-0473,3493,CA,100,2022-06-12 08:50:43,69394
06-186-2172,1125,NJ,1000,2023-05-05 18:42:09,70507
01-374-9888,2782,MA,500,2022-08-11 09:59:38,78182
63-739-4514,92,TX,250,2022-01-19 10:58:01,68578
41-790-8751,506,FL,1200,2023-03-05 21:03:29,63450
64-951-9390,702,FL,1200,2021-10-05 07:46:15,97678
71-567-8768,2690,NJ,500,2022-02-06 22:10:58,75726
69-799-1869,1127,MA,1000,2022-02-08 07:44:52,76056
27-175-5488,2585,CA,1000,2022-08-17 21:41:18,97107
31-933-7913,1234,FL,750,2022-09-14 14:59:42,74674
62-060-4990,1462,NY,1000,2023-05-04 07:49:16,61568
01-768-5454,937,NY,500,2021-09-27 03:39:13,64742
07-417-1363,3102,FL,250,2021-11-28 05:32:24,94154
02-121-2901,1490,NJ,250,2021-12-06 00:39:15,80515
94-885-3536,2471,MA,250,2021-12-20 03:59:51,90000
58-708-3981,2178,NY,1200,2023-06-11 05:33:41,93287
57-765-8078,1704,MA,1200,2022-04-13 06:15:30,83488
60-256-9886,1024,NJ,1000,2022-05-30 09:02:05,57747
01-883-7667,2917,MA,1000,2023-01-17 22:37:02,62460
96-724-5440,673,NJ,100,2022-12-17 23:39:32,64290
93-398-2592,2502,MA,750,2022-07-08 18:32:16,93033
54-341-9764,3011,MA,1000,2022-11-01 15:46:25,86258
88-551-8567,1431,MA,500,2022-11-17 11:14:20,97643
23-743-5594,2564,NY,100,2021-11-12 17:22:13,79884
90-420-0968,1613,MA,500,2022-07-24 06:00:52,72586
91-751-7867,1970,TX,250,2023-06-01 17:29:48,96949
95-464-1389,862,MA,750,2022-02-09 22:28:40,91872
61-030-6000,395,NJ,250,2023-01-27 22:02:20,65677
35-309-2632,2527,MA,100,2022-02-12 16:06:21,88276
76-272-1086,2765,MA,750,2023-03-16 16:37:13,81443
93-513-6651,3002,CA,750,2022-12-12 14:36:06,61457
47-200-9873,687,MA,750,2022-01-17 22:05:02,73991
16-765-1920,638,MA,500,2022-05-08 18:25:02,93216
53-558-3263,310,FL,1200,2021-12-14 22:13:08,86849
43-861-9922,2272,MA,500,2021-11-30 23:50:02,93209
63-216-9604,685,TX,500,2022-03-12 13:56:24,94290
14-631-1335,1657,CA,1000,2023-05-06 21:06:12,94011
60-017-3182,2198,CA,750,2022-12-29 16:43:22,65300
05-706-3595,3349,FL,1000,2022-03-08 00:58:33,69772
76-326-4403,1322,MA,500,2021-11-18 14:40:20,71920
70-163-3132,891,FL,500,2023-04-17 19:12:24,95263
16-592-6433,800,NJ,1200,2022-08-02 14:18:07,79433
28-911-0082,3254,MA,500,2022-12-02 21:59:18,86230
24-138-2860,2985,MA,100,2023-05-30 19:33:05,78396
65-490-9895,1229,NJ,250,2023-01-22 11:35:11,83252
02-840-8324,1392,FL,250,2023-01-07 20:37:45,61534
10-705-9855,358,NY,100,2022-10-30 16:02:16,68092
21-128-2831,1875,CA,1000,2022-03-15 05:45:37,66695
30-844-6637,541,TX,500,2023-06-04 04:17:57,59561
68-323-6370,2632,CA,250,2023-05-04 13:17:51,67325
12-124-8295,2939,MA,1200,2022-07-09 22:05:35,70721
41-202-2157,1119,MA,1200,2023-05-12 10:03:16,61104
92-092-1999,2710,MA,500,2022-09-17 08:09:44,81209
40-873-3509,2099,MA,750,2022-10-20 12:13:58,87663
15-585-1125,3316,MA,100,2022-05-06 17:19:18,80531
38-303-7842,992,NY,250,2023-02-27 17:35:56,87421
73-763-9342,1474,MA,100,2022-06-07 19:26:19,76519
58-434-4657,2037,FL,100,2022-03-02 15:02:30,96596
39-207-9139,2317,FL,500,2022-03-21 17:16:16,88645
88-901-9067,2835,NJ,1000,2023-02-09 03:45:31,59184
85-882-4813,917,CA,1200,2023-01-29 17:45:44,63716
45-433-6531,3042,MA,1200,2022-06-24 11:48:46,94422
73-851-6571,3490,FL,250,2023-06-04 13:19:19,64374
03-109-5264,904,TX,250,2021-09-28 08:59:40,73100
05-588-7005,1573,FL,1200,2022-12-01 03:02:32,96279
42-929-4182,1993,CA,1000,2022-03-30 09:11:23,92238
53-129-6516,1657,NJ,500,2022-07-18 00:37:10,85650
62-431-6042,705,NJ,250,2022-03-10 00:08:42,68660
43-754-5247,1576,NY,1000,2023-04-29 13:48:22,78395
50-399-4549,940,NJ,1200,2023-03-26 19:17:03,86448
91-787-2759,490,NJ,750,2022-12-24 08:05:07,91005
27-202-3222,2698,CA,1000,2021-10-06 07:17:06,89445
65-661-4962,3488,TX,100,2022-09-13 10:07:03,91726
73-539-5518,437,NY,750,2023-05-28 06:47:43,83912
60-350-4608,223,CA,100,2022-12-11 17:42:43,92606
94-803-6225,1617,CA,1000,2022-08-22 01:08:19,80087
08-345-8429,2762,MA,750,2022-03-22 17:11:48,85138
47-109-2364,354,FL,1000,2022-07-27 03:59:41,95270
68-513-0939,98,FL,500,2022-01-12 00:20:35,66871
89-348-3844,1836,MA,500,2022-10-14 02:30:11,77216
40-214-5771,387,FL,100,2022-10-17 04:07:30,75429
93-339-2258,3450,TX,750,2022-11-18 10:36:47,62953
65-051-0578,2431,FL,1200,2022-05-14 03:57:30,62176
13-388-6623,1284,FL,500,2022-03-29 21:57:59,94899
00-400-7039,3406,FL,500,2023-05-20 02:33:04,63492
03-622-2675,2787,TX,1200,2022-08-29 23:35:11,67533
05-732-2859,2031,NJ,750,2021-10-22 20:38:09,80413
85-711-5508,1904,TX,250,2022-01-13 13:17:50,80027
91-550-1750,2212,TX,250,2022-11-13 12:33:32,68413
89-714-4828,2497,MA,500,2022-12-09 00:17:38,93711
75-676-3208,38,NJ,1000,2023-04-12 11:23:15,86924
29-382-9853,327,FL,500,2023-03-27 11:35:27,68565
42-441-7224,2106,NY,1200,2022-09-16 13:25:00,92796
33-688-5836,2765,FL,250,2022-10-06 13:46:28,58699
12-703-3127,1005,MA,750,2023-06-17 03:15:37,83499
62-483-0739,316,CA,100,2022-10-24 06:22:11,93874
76-659-4633,548,FL,100,2022-03-30 06:05:41,77561
65-462-3059,2171,TX,1000,2022-11-20 02:57:28,78419
32-959-8809,2969,CA,250,2023-01-23 13:36:36,65487
63-505-9000,3476,CA,1000,2021-10-08 21:23:51,69816
40-005-8845,2661,CA,750,2023-06-12 06:06:02,86260
87-311-7673,740,FL,100,2022-11-13 18:13:35,71550
04-429-0080,2428,FL,100,2023-04-12 14:26:14,87020
66-196-4136,1905,NY,1000,2021-10-29 22:40:35,92415
69-357-0389,2576,NY,500,2021-11-15 16:26:55,74491
66-951-3416,3077,FL,1000,2022-05-08 08:37:36,90739
30-089-6113,434,NJ,100,2022-11-05 16:37:55,61890
40-158-2360,2736,TX,100,2022-09-14 11:47:31,69913
82-865-9064,305,TX,750,2022-10-06 08:24:43,96634
46-229-9886,2413,FL,1000,2022-03-23 12:47:45,79710
60-574-1047,448,CA,100,2022-07-18 02:11:28,91267
20-876-0378,2699,CA,100,2021-12-23 07:22:35,70321
18-286-9836,2689,CA,250,2022-09-01 04:02:08,95587
58-603-9830,2651,MA,750,2021-12-13 23:11:27,77620
34-803-2575,2716,NJ,750,2023-02-21 00:24:33,86076
65-554-6966,2873,NY,750,2021-11-08 01:09:57,62677
47-565-3881,1975,CA,100,2023-02-10 06:53:57,74995
05-432-6000,2110,TX,100,2022-06-20 03:06:34,59361
93-757-4599,3186,MA,250,2023-02-17 15:51:44,57449
85-302-6136,2396,TX,1200,2023-03-30 19:39:39,90345
99-090-8661,1940,MA,500,2022-07-31 23:45:58,97057
98-747-0898,415,CA,500,2022-04-10 04:40:19,98202
73-908-0821,2045,NY,250,2023-03-20 00:42:11,83695
01-657-5634,1403,CA,1200,2021-12-20 01:48:18,98310
93-292-8281,2959,CA,250,2022-12-05 04:21:46,83541
02-901-2247,2652,NY,500,2022-03-23 19:30:47,83393
48-394-9895,948,FL,100,2022-04-15 20:15:11,79243
83-108-2427,550,TX,100,2023-02-11 17:38:33,91076
27-681-1096,2270,CA,250,2021-12-31 04:18:35,78026
88-475-6593,1635,FL,750,2023-04-04 12:48:25,66304
83-274-6830,3012,TX,1000,2023-05-05 19:45:42,89682
69-553-9555,63,CA,100,2023-06-08 09:38:09,75603
53-569-0423,1595,TX,250,2022-12-14 21:48:40,61652
09-555-6746,1019,MA,100,2023-03-26 03:35:57,89419
59-245-0374,2650,CA,1000,2022-04-21 15:27:06,78226
64-791-4520,1391,CA,1000,2022-06-15 13:11:15,76522
71-909-6278,2225,NJ,100,2022-10-31 07:32:23,69985
14-948-8975,2041,NY,750,2022-03-09 00:16:46,62211
84-608-2297,837,TX,250,2022-09-26 23:00:11,71622
06-860-4268,9,CA,500,2022-08-16 21:15:00,71185
59-556-6465,158,MA,500,2022-05-30 06:02:19,86029
25-248-9777,112,TX,750,2022-08-22 05:23:37,56892
81-340-0710,2007,FL,750,2021-12-11 09:16:17,92997
65-878-0417,30,MA,1000,2023-05-29 19:57:15,76745
27-597-7978,1556,FL,250,2023-06-04 12:12:47,91702
59-172-8170,2299,CA,1200,2023-04-22 17:12:43,85095
43-260-0555,492,NJ,750,2023-04-18 12:15:01,61466
53-937-3899,723,FL,250,2023-03-15 01:15:17,94488
89-690-3927,2666,MA,1000,2023-05-10 23:12:17,68145
55-042-1646,2273,TX,1200,2021-11-28 15:32:29,98288
96-867-6900,1739,FL,1200,2022-08-16 16:07:03,76630
50-382-4729,3231,MA,500,2022-06-21 04:11:45,65333
95-648-0057,1494,NJ,1200,2022-09-22 02:38:18,88919
72-575-4827,2728,CA,100,2022-04-08 05:45:56,80995
92-075-5087,2213,MA,750,2022-12-09 03:03:57,89362
83-803-1171,3039,TX,100,2022-04-14 17:06:08,71731
77-541-5538,1782,TX,750,2022-01-22 19:35:58,91834
33-898-6838,2933,MA,1000,2023-01-16 03:14:05,64037
21-779-0481,3389,NJ,750,2023-04-09 12:01:21,86068
81-591-9701,102,NJ,250,2021-12-19 11:15:18,72457
39-430-2632,2396,NJ,750,2021-10-19 14:25:53,94711
82-920-5231,997,NY,100,2022-09-25 06:47:37,91344
18-811-8701,2473,FL,250,2022-04-12 14:22:12,84457
87-861-7560,631,MA,250,2022-07-01 17:47:36,66884
29-520-3693,2661,MA,1000,2022-01-10 15:06:00,86216
24-637-8261,1018,CA,1200,2022-02-23 07:48:18,78043
76-541-4631,1452,FL,250,2022-06-26 23:16:55,62889
75-551-4952,2739,NY,1000,2023-05-16 22:21:58,87101
22-795-7049,1110,NJ,1200,2021-10-20 12:56:34,63788
30-919-8327,3289,NY,100,2022-10-12 09:54:01,86158
87-260-7916,1646,NY,1200,2022-06-28 14:28:03,98498
75-730-7813,2619,FL,1200,2022-04-03 14:35:46,78940
05-785-7118,324,CA,750,2022-02-25 23:39:05,91290
48-344-2531,2648,FL,1000,2022-01-25 05:04:04,76308
73-317-2896,169,NJ,1200,2022-03-09 14:35:09,79487
28-293-5085,438,NJ,750,2022-10-22 14:26:51,78590
47-648-0734,335,FL,1200,2022-03-21 01:39:28,88844
05-168-9831,2103,NJ,250,2022-12-19 04:33:58,84347
00-156-0068,3162,TX,500,2021-12-13 14:32:02,88537
19-559-5675,1214,CA,1200,2021-12-28 21:06:08,67300
54-843-6485,3236,TX,1200,2022-10-24 02:38:52,95163
79-954-9385,1419,TX,1200,2022-09-22 04:39:08,77623
14-144-2217,1831,NJ,1200,2023-06-13 02:48:44,75346
57-145-1288,2089,MA,250,2022-07-31 15:41:50,68907
72-013-5474,756,NJ,1200,2021-11-01 22:06:49,93808
59-307-2539,827,NJ,1200,2022-11-02 04:30:04,88635
67-222-8388,2254,CA,1000,2023-05-01 18:02:53,95816
63-101-1452,2488,CA,500,2023-04-26 00:04:46,62952
16-049-5822,2825,MA,100,2023-02-27 03:20:46,85320
03-995-1028,2649,CA,250,2022-09-02 15:47:47,75443
07-164-0784,1739,CA,750,2022-08-16 16:59:05,86798
72-184-4397,1904,FL,250,2022-05-28 03:29:23,93260
69-264-7103,853,TX,1000,2022-07-20 06:21:33,97560
54-836-3585,3495,NY,1200,2022-04-07 07:52:00,71841
16-159-2322,2935,MA,750,2023-04-30 06:04:14,84971
27-971-5238,3500,TX,500,2023-05-04 08:41:24,82723
46-536-3760,2776,FL,500,2022-02-19 19:56:20,74847
61-372-2906,238,NJ,750,2022-03-11 23:43:19,90563
21-408-6607,1010,NY,1000,2022-06-07 15:20:25,74375
00-910-4941,3034,MA,100,2022-08-10 22:43:58,65398
94-980-4817,2698,FL,1000,2023-04-07 19:28:02,98118
57-167-2581,108,TX,100,2022-10-10 07:26:28,89506
44-944-0004,1464,FL,100,2022-12-10 23:23:29,87703
07-118-7879,2341,NY,100,2023-06-20 07:11:59,89500
88-388-0130,3242,TX,100,2021-10-18 15:52:25,72043
15-177-6915,2522,NY,250,2022-11-15 11:42:36,80287
02-755-7426,654,FL,1000,2022-04-20 04:45:24,68932
56-532-4383,153,CA,1200,2022-04-22 01:16:45,72462
94-674-7401,2227,NJ,250,2022-07-10 13:59:52,66057
65-834-0666,2844,NJ,500,2022-10-18 19:42:33,71203
26-338-5672,1708,CA,750,2023-02-11 08:45:59,72315
28-376-6750,1926,TX,1000,2022-06-06 07:18:42,97357
28-822-8992,23,TX,250,2022-09-18 04:41:21,62102
08-742-9932,990,NJ,250,2023-04-10 20:49:33,98041
19-484-9915,371,CA,250,2023-06-11 00:18:35,86330
32-512-6170,263,MA,1200,2023-01-26 06:28:02,66557
58-636-5387,1748,TX,1000,2022-01-08 19:23:36,77560
22-621-0010,315,FL,250,2022-10-25 06:37:36,85780
35-560-7587,691,NJ,100,2022-09-18 06:58:09,62963
20-116-7581,3100,NJ,750,2022-11-05 20:39:41,79400
22-587-5073,2434,FL,100,2022-06-22 10:19:14,75713
17-049-6469,1496,NY,100,2021-12-06 07:17:30,68342
29-220-5751,542,FL,1000,2023-04-14 05:30:45,66477
74-882-6907,75,MA,100,2021-10-27 03:31:45,73544
71-807-0310,2738,TX,1000,2021-12-04 19:51:03,87988
16-898-4571,552,NJ,250,2022-05-24 17:55:05,82290
22-153-3154,3220,FL,250,2022-01-13 18:23:41,62619
63-306-6629,3466,NY,500,2022-08-23 10:31:31,96780
59-788-3444,3132,NY,100,2022-07-10 13:52:09,69572
14-095-4446,2231,MA,250,2022-09-28 21:58:45,95380
85-666-7887,2513,FL,500,2022-06-11 11:51:07,62167
41-312-7648,2302,TX,500,2021-12-26 10:40:35,65869
97-903-9446,2147,NJ,1000,2022-04-05 18:29:19,76848
88-205-4006,785,NY,100,2022-12-20 01:52:04,60510
39-058-7922,2174,CA,1200,2022-07-20 13:42:41,95924
42-973-7568,1883,MA,100,2022-01-27 20:11:32,75180
71-390-6726,1182,NY,100,2021-12-23 07:19:10,66012
07-347-5867,2984,NY,250,2023-04-05 13:33:23,96905
09-060-8382,2858,TX,1000,2022-03-11 10:51:13,67390
94-061-0202,936,NY,250,2023-03-21 19:41:45,59264
67-011-3751,521,NJ,500,2022-05-22 19:34:28,63691
76-140-9202,395,FL,1000,2022-10-17 16:45:42,83346
17-592-1959,838,NJ,100,2023-05-27 00:27:50,60090
00-168-1452,328,NY,1200,2023-02-28 16:21:40,89063
58-628-9089,2971,NY,250,2022-05-13 16:43:22,86422
91-995-0690,2338,NY,750,2021-10-18 19:57:27,93819
66-546-0229,178,FL,750,2021-11-29 05:19:01,57835
52-105-9223,2159,MA,100,2022-06-17 06:31:55,83022
01-033-2715,1141,CA,100,2022-09-08 12:34:02,88531
45-523-0783,2450,TX,1000,2022-09-07 08:10:58,85041
85-381-0841,3346,TX,750,2021-10-08 07:59:20,70951
21-380-1256,2131,TX,250,2022-10-11 23:52:36,90639
09-373-9979,3471,TX,500,2022-05-30 17:52:34,60718
34-015-3738,886,NY,1000,2022-05-03 03:08:02,63792
68-042-4874,2554,MA,100,2023-03-07 20:29:19,74549
19-214-5091,190,MA,250,2021-12-24 16:55:29,73768
17-223-1823,1332,FL,100,2022-06-27 13:57:49,72701
20-859-6461,3260,CA,250,2021-10-31 11:44:33,86465
22-211-4101,2868,TX,100,2023-05-23 05:52:53,95642
71-696-8840,3176,TX,100,2022-08-12 20:39:17,87785
18-250-9465,2352,NJ,1200,2022-04-11 21:11:18,90767
01-359-7187,2635,NY,750,2022-11-06 19:54:19,89332
78-340-9127,1970,FL,500,2023-03-14 20:18:06,95534
99-718-1308,1962,TX,750,2022-12-06 12:20:47,86426
42-387-1589,201,NY,1200,2022-08-18 17:33:00,79928
22-416-1341,2628,TX,100,2023-06-11 08:08:07,87542
10-634-8986,74,FL,250,2023-02-04 14:06:06,96271
06-804-4377,1978,CA,750,2022-07-21 22:04:41,68552
40-556-5925,2926,FL,500,2023-01-04 02:35:44,82387
84-837-7240,2594,FL,1000,2022-12-10 13:05:00,66309
92-279-1343,2879,TX,500,2022-10-31 12:32:13,80820
02-852-7652,582,TX,100,2023-05-21 06:20:36,61762
30-558-4646,460,TX,1200,2022-05-11 09:23:34,73005
76-002-2692,1470,NY,1000,2022-02-25 02:34:18,69743
39-767-5090,2674,TX,250,2022-10-16 08:24:00,96224
29-648-2212,2504,CA,500,2021-12-05 17:44:32,64680
47-523-9604,2109,FL,750,2023-05-06 05:29:47,89286
89-407-2299,186,FL,500,2023-05-06 19:25:49,65562
37-206-0235,1319,NY,1200,2022-12-20 03:47:43,61511
47-169-0572,2880,FL,750,2022-02-03 22:11:36,73489
33-701-8808,2050,TX,1000,2022-12-17 08:41:59,56896
96-641-6913,327,CA,100,2022-09-08 17:42:57,68589
05-509-0378,2262,NY,100,2022-10-19 20:22:53,93631
29-667-0094,1044,CA,1000,2023-01-25 14:48:07,97094
68-895-1292,1617,MA,250,2023-01-26 17:13:57,65208
92-602-8430,2826,TX,1000,2022-03-13 15:00:51,59480
28-712-7248,1476,CA,500,2022-01-08 19:47:53,68557
12-554-8905,2013,MA,250,2022-03-28 15:53:41,82249
08-159-7537,2340,NJ,500,2022-04-27 01:58:28,63185
01-435-4642,3062,NY,750,2021-11-05 22:22:06,70004
45-042-2081,2961,CA,1000,2023-01-24 06:36:00,90377
36-894-3530,1118,FL,1000,2022-08-12 17:38:48,92295
63-973-3655,1839,TX,100,2022-04-24 11:40:03,80742
72-579-5288,204,TX,500,2022-10-08 01:41:25,90563
23-598-1857,2670,TX,1200,2022-11-15 10:28:25,97946
83-148-6417,502,TX,500,2022-12-31 05:30:34,61543
11-749-3547,44,FL,500,2022-10-09 03:22:21,72089
12-121-0900,2471,FL,500,2022-11-17 20:28:15,76560
38-190-1028,2727,CA,100,2022-03-07 08:30:58,66570
19-356-9849,494,NJ,500,2023-02-17 01:47:32,94316
26-104-1024,61,TX,100,2022-11-23 06:28:58,75981
36-835-2227,2483,CA,1200,2023-05-21 04:00:48,89888
80-554-5887,2321,TX,1000,2022-01-06 13:23:53,69808
52-790-6114,318,NJ,750,2021-12-31 08:14:44,86190
76-444-3716,2320,CA,1200,2021-12-18 23:03:02,71468
66-232-0520,1225,NJ,250,2021-11-28 15:37:56,86432
78-730-2328,3029,NY,750,2023-04-15 19:39:58,94733
66-926-6044,1599,NY,500,2022-12-09 20:41:08,65296
38-913-2408,1551,NJ,250,2023-06-16 10:17:43,98752
35-657-5060,389,FL,100,2023-02-02 08:59:01,68384
36-304-0289,497,NJ,250,2021-11-27 23:56:25,96062
72-213-0328,456,MA,500,2022-04-20 11:55:44,67884
87-212-9124,2471,NY,250,2023-06-05 05:36:22,57626
90-052-3632,39,CA,1000,2022-12-12 11:35:27,87980
71-893-0275,2880,NJ,1200,2022-06-04 01:48:01,91936
61-317-2898,331,TX,250,2022-03-28 00:41:29,77541
67-618-4084,3125,CA,500,2022-01-14 17:49:27,59442
28-460-3695,1382,CA,1000,2022-10-29 11:48:12,87401
11-136-9176,1557,FL,100,2023-04-19 07:20:59,69608
07-708-8207,1339,MA,1200,2021-09-26 20:17:28,71004
85-079-0321,1019,CA,1000,2023-04-06 14:48:19,83777
66-535-0850,1243,NY,1200,2022-01-07 15:57:10,67257
05-880-6963,2897,CA,250,2023-01-31 23:54:13,71147
09-920-3513,1664,NY,500,2022-12-20 11:30:08,62638
75-292-3680,526,MA,750,2022-07-19 20:37:36,77841
48-098-4976,1240,MA,1000,2022-06-06 04:31:18,71395
38-388-4629,534,TX,500,2023-01-29 06:28:58,61642
99-052-9226,2998,TX,750,2022-05-18 05:39:31,72300
07-107-0071,2270,TX,1200,2022-01-05 19:07:00,68427
59-780-8506,2064,NY,250,2023-06-18 19:22:15,88748
67-795-7638,2051,TX,250,2022-10-05 08:33:48,68680
96-937-9144,1369,FL,1000,2022-04-29 21:39:30,70133
45-923-3796,608,NJ,100,2023-04-21 02:10:23,81655
22-598-1965,87,CA,250,2022-08-31 04:22:12,75276
22-032-5672,1604,NY,250,2021-11-23 13:42:19,79632
55-408-9182,3422,NY,1200,2023-06-15 08:48:18,98620
82-083-6064,2006,MA,1000,2023-06-18 17:43:52,74215
54-022-3058,934,NY,1200,2022-10-04 09:36:03,74401
35-610-0223,815,FL,100,2022-11-11 03:58:59,60980
29-495-7544,1976,NY,1200,2022-10-24 22:13:19,95682
59-809-9499,955,FL,250,2022-05-31 06:22:13,69042
06-618-0549,248,FL,1000,2022-06-26 01:59:31,84117
88-775-9543,2168,MA,500,2023-03-23 03:42:42,65241
26-640-4980,618,NJ,1200,2023-03-30 16:36:18,86970
34-322-0580,1030,MA,500,2022-04-02 14:31:55,95487
08-097-7861,1473,CA,1000,2023-05-30 08:56:47,63959
55-981-3908,27,FL,100,2021-11-06 02:24:11,76951
64-670-1406,1394,MA,250,2022-04-11 03:57:11,71066
74-971-6810,3316,TX,750,2023-03-10 08:41:38,95328
54-493-5819,698,FL,750,2023-01-23 16:41:19,67505
13-787-9114,1800,FL,1000,2021-11-30 19:39:11,84756
38-727-2329,3200,MA,1200,2022-01-06 22:55:01,66347
41-535-1533,2521,CA,1000,2023-02-12 10:05:54,81356
36-910-1259,1164,FL,500,2022-08-06 05:07:39,70020
94-486-7728,1598,TX,750,2021-11-08 22:54:14,67369
85-389-6742,740,NJ,1000,2022-09-24 14:40:29,92810
01-242-3044,1590,CA,100,2022-11-10 21:24:43,62680
74-852-7980,3467,NY,250,2022-10-06 18:48:25,64709
68-538-2246,1070,NY,500,2022-11-25 00:04:32,78793
58-258-2266,34,FL,100,2023-03-20 19:48:36,95679
49-275-0971,345,TX,750,2023-05-06 11:44:37,69579
75-714-2725,2348,TX,1000,2023-06-08 16:21:44,95586
82-011-5742,2482,FL,1000,2023-04-22 08:14:40,94107
29-025-0022,1625,FL,1200,2023-05-14 18:30:58,93095
09-753-6687,255,TX,100,2021-09-30 08:15:00,84242
38-668-4629,1245,NJ,250,2023-02-11 00:00:40,60709
77-656-5106,1581,FL,750,2023-05-16 18:43:41,83397
94-855-8669,2729,NY,250,2022-10-26 22:25:23,57885
64-568-5576,1837,TX,250,2022-02-28 00:03:31,97090
05-044-2313,2548,FL,500,2022-04-30 17:19:34,97645
04-991-5154,2108,NJ,1000,2022-01-12 04:28:58,60257
73-780-5586,2496,NJ,100,2022-02-07 10:20:28,93944
23-646-6658,2429,NY,750,2022-05-17 15:28:47,89091
50-413-9968,1721,MA,1200,2023-02-22 13:05:40,82203
41-926-2346,757,NY,250,2021-11-11 18:46:54,97677
46-823-9824,2661,NJ,750,2022-01-04 22:47:44,66397
46-536-0438,751,CA,1000,2023-04-17 14:28:50,98495
79-303-7047,561,MA,750,2023-03-23 20:12:30,66359
29-810-3682,240,CA,1000,2023-01-22 22:16:10,58439
31-736-5799,2319,TX,1200,2022-11-26 07:26:44,91798
96-308-8621,2808,TX,1000,2022-07-14 15:36:38,74418
18-757-1474,2706,MA,750,2023-02-13 08:12:44,83768
38-532-0514,1195,TX,100,2022-01-13 07:59:06,85961
02-061-8115,175,TX,1000,2023-06-08 21:07:07,69476
86-509-1719,1863,TX,100,2022-07-03 22:24:54,71900
06-581-6720,640,NJ,500,2023-02-08 21:56:43,73050
54-365-2354,1122,NY,750,2022-08-26 14:26:09,91246
31-510-7555,2974,FL,1200,2023-02-09 16:08:35,72735
35-135-4888,1467,MA,1200,2022-12-03 20:29:32,64853
90-883-9078,1443,FL,100,2023-04-02 10:59:51,91859
13-238-5545,2121,TX,100,2023-04-28 06:23:58,85380
27-160-6252,859,FL,1000,2021-10-31 05:41:06,93360
45-846-8050,1357,NJ,750,2022-01-23 04:44:03,98753
97-758-9822,3324,NJ,500,2022-04-17 09:52:25,85775
00-004-7750,787,NY,250,2022-05-06 12:57:07,61334
12-196-3594,1832,NJ,750,2022-01-01 16:00:50,56901
00-326-0358,2629,NJ,100,2023-06-09 05:49:40,88039
13-483-5147,2089,MA,1200,2022-05-14 22:32:12,95295
37-687-6352,1867,NY,100,2022-04-22 09:32:11,97334
69-597-8281,2122,FL,250,2023-01-01 17:53:19,81582
41-653-9214,2426,NJ,250,2022-05-22 05:37:04,81767
46-745-1636,1205,NY,1000,2022-01-27 11:41:38,59071
34-477-3929,2622,CA,1000,2022-03-26 05:36:28,84659
19-176-9928,882,CA,500,2023-03-18 00:16:53,79725
91-025-4607,3171,CA,1000,2021-10-31 19:18:32,64736
51-810-6795,3498,NJ,750,2021-10-28 19:56:22,79628
82-764-1832,2109,CA,250,2022-03-28 21:31:49,60508
28-656-5984,2022,CA,1200,2022-07-14 14:09:41,80834
71-283-1120,337,CA,500,2022-06-01 14:59:31,95734
47-225-9786,2628,NJ,750,2022-11-08 06:14:00,76363
34-313-5067,3022,NY,500,2023-05-16 13:08:37,69186
36-611-2019,2338,NY,500,2022-10-23 23:54:21,93137
77-985-7889,1933,FL,500,2022-04-30 21:14:58,58629
28-405-4365,416,FL,250,2022-05-06 00:13:32,91711
40-395-7478,3099,CA,1000,2023-04-29 14:03:56,98436
15-536-8052,845,MA,1000,2022-02-14 01:50:30,68994
92-922-8261,1371,CA,500,2022-10-11 08:49:42,72077
55-234-6102,2408,MA,750,2021-11-10 08:37:40,65812
26-626-4307,3480,CA,750,2023-01-24 11:27:22,83977
77-788-6749,2293,CA,750,2022-11-29 01:12:28,85771
70-135-6391,76,FL,1000,2022-06-06 06:03:01,63697
50-704-9684,3034,TX,100,2023-03-10 00:05:10,95666
04-482-0119,249,NY,750,2023-01-11 05:00:00,82493
14-603-8369,945,MA,750,2022-01-05 06:49:57,86530
85-255-3382,1129,FL,250,2022-12-12 17:59:08,59905
45-896-2300,1360,NJ,1000,2022-02-09 19:53:49,85657
65-145-1229,3133,NJ,1000,2022-06-12 20:43:15,90350
72-296-0956,669,CA,750,2023-01-06 19:26:32,97784
96-182-6481,117,NY,750,2023-01-24 07:24:01,85065
74-736-3021,165,CA,750,2022-12-28 07:06:59,62856
52-909-9638,3073,MA,750,2022-09-25 20:17:16,71128
18-894-1572,2011,FL,250,2023-05-10 11:07:51,72181
31-646-0107,1348,TX,100,2022-08-25 23:05:14,57690
30-082-8202,3007,CA,1000,2022-04-05 08:02:52,58095
87-931-4841,3410,TX,100,2022-07-02 01:10:33,78666
96-053-9232,2663,FL,100,2022-09-18 19:55:57,72587
98-058-7457,1583,NJ,250,2021-10-25 14:05:33,84902
63-464-2751,841,NY,1200,2021-12-25 20:19:27,72631
69-650-3236,3089,NJ,100,2022-06-17 17:58:18,85332
97-543-4358,1536,NJ,250,2022-11-07 19:12:34,97840
66-287-8550,1830,MA,250,2021-12-13 22:08:12,66163
88-318-3161,1719,MA,500,2021-10-28 12:59:41,66753
03-598-0530,677,NY,100,2021-10-05 07:22:54,73092
53-593-8525,1554,FL,100,2022-07-07 11:00:31,89534
96-756-0868,2788,NY,750,2022-04-19 03:22:49,92266
38-165-3712,3029,NJ,1200,2022-09-24 09:53:15,76704
40-858-3007,2070,FL,1200,2022-09-19 14:25:38,59464
95-951-5122,2883,MA,1000,2023-03-06 04:11:49,72366
73-825-4147,1532,FL,1200,2022-01-04 12:00:58,93493
67-424-2128,375,NJ,750,2023-04-25 22:06:57,79180
13-223-2791,3364,FL,1200,2022-08-11 23:27:47,61237
38-905-9870,420,FL,100,2022-03-28 09:51:43,88785
18-764-4719,696,NJ,750,2022-09-08 21:19:41,68833
64-429-9245,1207,FL,750,2022-07-23 10:11:42,87718
76-548-2744,2448,CA,1200,2022-08-16 04:14:18,63780
89-269-7124,1871,MA,1000,2022-05-18 01:21:35,63369
87-959-5998,2248,TX,250,2021-10-15 08:07:11,71042
29-141-2466,2714,TX,1200,2022-08-29 22:16:23,60268
80-798-3548,1519,NY,250,2022-03-07 06:20:33,69979
25-934-7317,2701,TX,1200,2022-12-01 12:54:41,78093
19-712-0697,2025,NJ,1200,2023-05-01 17:05:58,62119
82-402-3076,2088,NY,500,2022-01-09 10:38:56,98141
37-534-8448,2028,FL,250,2022-02-12 06:20:05,74311
72-013-6455,3309,MA,500,2022-07-04 05:58:30,69468
00-094-0317,2192,TX,500,2022-11-28 19:24:11,92383
19-974-6246,3250,MA,1000,2022-07-17 18:49:26,63016
22-520-3135,2184,MA,1000,2022-11-12 13:21:26,77379
88-623-9852,2415,CA,1200,2022-08-20 17:37:19,66663
70-977-7347,2330,TX,1200,2022-12-24 22:41:37,74004
39-341-6002,1605,TX,750,2022-06-24 05:34:36,93769
80-411-3072,2993,NJ,1200,2022-12-16 04:03:54,97249
96-974-5225,2310,NY,1200,2021-10-02 13:41:47,58871
44-680-0173,1443,MA,100,2023-03-08 07:51:37,71852
67-816-3306,2834,TX,100,2023-04-16 10:37:13,80068
49-890-4158,2054,TX,1000,2021-12-09 08:15:47,79939
79-897-6046,3412,CA,250,2023-03-12 11:06:55,83726
16-400-1890,2298,NY,750,2022-08-10 13:47:22,59270
50-956-2489,2011,MA,250,2022-02-01 11:36:32,84522
56-547-8797,1765,MA,250,2022-11-15 12:36:41,74590
53-329-6297,1752,MA,100,2022-07-01 20:01:49,62622
95-819-0822,3045,FL,250,2022-05-27 23:03:56,67120
78-698-2930,1825,CA,750,2022-04-18 19:43:07,94513
52-448-6187,2395,NY,1000,2022-06-25 08:34:20,96275
43-391-8860,889,TX,500,2022-10-08 22:08:27,57676
24-546-5706,1681,TX,250,2021-11-01 03:36:04,83957
23-978-0004,171,NJ,500,2022-03-30 21:32:08,76802
66-067-2152,211,NJ,750,2023-05-12 10:43:11,88013
12-110-4344,2171,FL,500,2022-05-05 12:32:28,87506
83-573-2102,1625,NY,750,2023-05-05 21:44:52,57544
52-681-5643,3384,TX,750,2022-09-14 18:48:27,76934
29-040-9467,3398,TX,750,2023-03-11 22:44:48,75964
20-282-7173,1355,TX,500,2021-10-23 22:41:14,80472
88-196-6985,3081,NJ,1000,2022-01-21 14:53:15,63846
38-004-2264,3353,TX,250,2022-06-02 00:21:39,72898
45-426-6352,866,CA,1200,2023-05-26 06:17:51,77153
51-550-4436,322,NJ,750,2023-06-10 12:24:03,80136
99-143-9959,1152,CA,250,2023-01-06 23:54:41,78220
84-220-4310,30,NY,1000,2021-11-12 12:53:32,78341
73-285-8214,2707,MA,250,2022-10-07 23:38:57,62352
75-537-5710,191,CA,100,2022-03-25 20:37:36,69733
92-657-9313,3171,NY,750,2022-05-10 17:41:32,60843
32-162-5150,50,MA,1200,2022-08-29 11:02:24,72200
17-388-5710,2890,TX,100,2023-02-20 19:22:14,58092
52-293-4117,261,TX,500,2022-04-13 18:48:07,67661
92-179-5330,2479,FL,100,2023-02-16 23:24:16,91699
34-045-9400,873,TX,100,2023-06-10 07:20:59,58711
43-726-0506,2406,CA,250,2022-07-04 22:56:34,66068
39-033-0152,1936,MA,100,2022-05-13 12:41:23,75386
45-947-5796,803,CA,750,2022-01-14 02:01:01,75293
15-277-6864,2915,MA,500,2022-11-20 13:37:42,92375
16-950-5747,2826,CA,1000,2022-07-08 09:57:39,90111
53-788-6338,1346,FL,500,2022-10-06 13:23:40,93553
93-891-1936,2718,NY,1000,2022-12-09 07:54:53,84174
15-856-2824,3381,TX,1000,2022-11-18 19:39:01,86272
30-785-5891,1684,FL,100,2022-09-06 22:33:13,62101
93-803-0362,2123,NY,500,2022-11-25 09:31:48,95270
77-503-1528,357,MA,1200,2023-02-24 23:00:14,66020
31-057-0458,1857,MA,1000,2023-01-02 17:17:57,80945
09-069-3498,3268,FL,500,2022-05-16 12:30:43,59738
21-535-1333,963,CA,750,2022-04-20 17:15:59,93722
50-359-6680,1306,MA,1200,2021-10-31 14:19:33,71901
10-888-9022,2413,TX,500,2022-11-09 03:59:35,98356
14-800-6770,365,CA,500,2021-10-28 05:20:36,61410
17-689-8660,2778,NJ,1200,2022-07-07 02:52:13,89822
66-155-9205,988,NY,1200,2021-12-29 23:38:15,87456
40-276-7839,814,TX,250,2022-12-22 08:13:42,71199
46-088-0578,1206,CA,500,2022-06-05 15:19:41,58833
77-823-7015,1949,NY,500,2021-11-26 00:12:53,95837
82-809-6052,3116,FL,1000,2021-10-09 04:11:25,94259
79-324-7414,2061,CA,750,2023-02-18 11:48:41,66301
44-770-8129,891,CA,1000,2021-11-27 23:06:42,62148
31-793-5041,2120,TX,750,2022-11-28 21:36:23,87739
16-399-9554,2454,NJ,100,2022-12-13 04:00:38,60016
56-842-5409,3230,NY,1000,2022-12-22 23:28:13,90596
65-395-7769,1897,NY,750,2023-01-14 07:49:55,87663
57-011-3894,1523,NJ,1200,2021-10-12 10:03:06,76952
89-834-0589,2841,CA,100,2022-04-06 15:39:54,87023
09-250-5140,1070,NY,100,2022-04-05 01:30:06,82771
82-940-3449,616,NY,1200,2021-10-24 13:22:30,77867
05-048-6131,1073,NY,250,2022-01-04 11:56:58,63375
10-064-8691,2309,FL,1000,2023-01-01 05:52:14,92070
99-944-3194,886,FL,1200,2022-03-23 02:14:35,92626
43-711-1191,319,FL,1000,2023-03-29 22:29:53,61963
56-335-6944,2089,FL,1000,2022-09-13 01:33:22,78588
13-480-7348,3253,FL,100,2022-10-02 05:45:53,62900
16-005-1418,1845,CA,1000,2022-06-13 08:24:50,90607
54-721-2427,333,CA,250,2023-02-07 04:39:44,93144
64-681-9069,2163,CA,500,2022-03-01 18:04:14,87494
82-929-3779,2175,CA,500,2022-04-12 23:30:19,58632
00-244-9201,3330,FL,1200,2021-10-29 11:14:09,63458
92-080-0555,1722,TX,250,2022-07-11 07:28:32,64986
14-254-6461,2640,CA,1200,2022-01-19 14:36:01,83928
73-393-5901,3315,NY,500,2022-08-27 07:00:42,84326
02-367-7502,1286,NY,500,2022-12-27 13:34:01,92725
91-125-4337,2347,CA,500,2023-01-01 20:01:41,64376
94-079-0570,645,FL,500,2022-11-02 08:07:22,78903
18-311-6662,2277,NJ,1000,2022-08-22 01:11:31,85984
44-745-4126,2788,NY,750,2022-03-18 06:11:23,94036
23-096-1513,249,MA,500,2021-10-24 01:49:41,85047
84-285-0236,1236,TX,100,2022-03-30 18:15:14,97016
84-463-6498,2959,FL,250,2022-05-07 14:46:24,60565
97-101-2652,1532,MA,100,2023-04-07 21:21:22,82401
31-070-6120,29,MA,100,2023-06-02 01:01:07,77847
03-263-2721,1575,TX,500,2023-02-13 12:31:17,82299
19-036-8817,2244,MA,500,2022-07-31 15:06:23,88249
42-296-1037,575,NY,250,2022-01-09 00:04:43,82365
16-511-7155,788,CA,100,2023-02-07 19:57:39,82530
14-176-4238,924,FL,750,2022-01-25 14:46:07,68045
32-498-2961,3096,NY,1200,2022-12-11 10:22:15,92791
00-990-1940,1799,NY,250,2023-02-26 01:06:19,86382
47-741-7216,1842,FL,1200,2022-02-13 16:58:45,86180
96-098-1959,1761,MA,750,2022-07-12 10:50:50,98673
77-976-7957,1594,NJ,100,2021-12-15 14:14:26,88315
83-547-8020,2107,CA,1000,2022-12-16 20:14:16,70412
99-618-6599,3379,NY,1000,2021-10-01 19:11:40,96410
71-103-0821,2486,MA,1200,2023-05-26 05:42:36,63135
32-016-1053,2226,TX,500,2022-05-10 16:01:34,93175
75-791-1632,1467,NY,100,2022-06-30 02:40:45,80958
72-716-9686,799,NJ,250,2022-03-06 20:01:59,87864
68-389-4857,2061,CA,750,2021-12-06 07:45:51,67878
55-430-9974,2555,NY,1200,2022-07-15 18:34:22,82558
30-397-7638,1412,NJ,250,2022-12-02 03:47:53,79451
84-941-2232,442,CA,100,2022-07-30 08:07:03,80679
73-997-2805,759,MA,250,2022-06-05 22:35:30,64545
32-083-7010,2821,TX,250,2021-12-21 21:10:52,68250
81-454-2623,2513,NY,750,2023-05-16 19:28:02,84265
02-921-3872,1810,NY,1200,2023-02-10 10:33:58,69575
01-612-2001,34,NY,750,2021-09-28 15:20:16,72449
23-727-6164,248,MA,1200,2022-06-11 22:33:04,73393
68-305-4090,1281,CA,100,2023-01-23 20:43:30,87723
19-240-4272,3051,NY,1000,2022-10-25 01:06:01,92252
26-808-9617,1318,CA,1000,2023-02-21 00:20:06,63749
69-420-3809,2979,NY,500,2022-12-19 01:22:50,77590
41-500-3768,3126,TX,1200,2022-07-30 16:00:04,98580
84-266-9510,2445,NY,100,2023-05-13 12:31:16,98435
00-549-6464,3379,NY,1000,2021-09-26 21:53:34,59882
08-220-3037,2446,CA,250,2022-11-14 23:44:37,64220
74-151-1467,1151,TX,1200,2022-08-27 22:39:28,68614
13-503-8746,2323,MA,100,2023-05-15 09:59:42,67468
58-631-1101,2826,CA,500,2022-07-30 11:03:59,66656
85-564-7551,92,FL,100,2022-08-27 08:06:56,60170
34-953-1586,3372,NY,1000,2022-05-23 10:58:32,62100
34-309-7901,1271,NJ,100,2022-05-04 18:33:13,77416
83-138-2573,3032,TX,500,2022-09-02 15:38:11,58918
74-194-1820,3115,MA,1000,2022-09-11 20:31:05,77304
97-850-0047,1967,TX,750,2023-04-15 08:13:31,70255
85-497-2941,2711,MA,1200,2023-03-17 05:13:57,93013
05-213-1057,3472,MA,100,2022-01-21 03:38:06,83334
03-372-4719,2542,CA,1200,2022-06-04 04:40:30,61003
42-458-0174,1690,FL,750,2022-06-27 02:38:43,93218
97-152-5817,1596,FL,250,2023-03-05 09:09:19,58022
54-990-2211,1868,NY,100,2022-05-09 06:27:50,79814
58-738-2551,2816,FL,500,2023-04-07 06:31:43,70978
11-981-6842,2073,NJ,750,2023-03-15 01:39:26,82652
63-332-6751,2790,MA,750,2022-05-10 21:40:13,94009
01-864-9972,916,FL,500,2022-03-23 22:21:54,67801
28-389-8060,1454,NJ,750,2022-05-29 02:22:04,77085
31-155-7206,1529,FL,500,2022-01-07 09:03:45,94228
13-517-2205,10,CA,100,2021-12-13 06:40:00,97374
95-294-6109,1332,TX,500,2022-04-12 01:51:25,97010
20-313-4591,1638,CA,500,2022-04-23 14:30:51,81403
04-694-9660,1741,MA,100,2022-05-13 17:50:57,76069
22-786-6556,1264,CA,100,2021-10-08 22:05:35,95823
70-131-0652,1098,TX,1200,2022-02-18 13:59:57,66472
72-518-6233,1622,MA,100,2022-12-01 17:44:44,65983
37-449-6619,2941,TX,100,2022-12-18 21:39:49,79873
03-931-5415,1441,CA,250,2023-01-25 20:40:07,79978
57-817-8559,571,TX,500,2022-06-07 01:22:02,66287
45-406-6091,1509,CA,250,2022-07-05 07:50:55,71100
74-452-5634,99,FL,750,2022-12-17 05:07:08,77860
36-156-4456,2988,NJ,1000,2023-04-29 06:24:28,78586
23-220-3155,792,NY,500,2022-11-09 01:09:24,67940
91-778-8842,2376,MA,100,2023-04-03 08:50:43,59997
79-835-0513,1804,CA,500,2022-10-06 09:24:57,64529
52-765-4274,3303,NJ,250,2022-04-04 14:02:35,95411
56-130-4035,664,CA,100,2023-02-15 16:13:30,72728
42-883-4137,2023,FL,500,2021-12-26 20:16:12,68435
54-013-7749,439,MA,750,2021-10-31 01:47:42,64257
44-868-4565,146,TX,1000,2023-05-16 09:40:31,87498
29-534-3539,2340,MA,1200,2022-07-13 09:23:28,70356
97-478-4614,99,NJ,500,2023-03-04 13:13:05,71161
94-455-8980,3454,FL,750,2023-05-27 16:48:57,96182
13-298-1562,3202,NJ,100,2022-11-13 15:08:03,90402
46-885-5943,877,TX,100,2021-12-04 20:23:45,68899
67-548-8530,2697,NY,100,2022-03-21 23:40:14,65191
41-591-4701,2791,FL,750,2022-08-04 00:32:51,89676
98-359-5481,1491,MA,250,2022-05-19 18:22:25,96319
27-823-9529,460,MA,500,2022-05-25 14:28:42,67412
96-894-9410,883,NY,250,2023-05-20 00:29:45,76161
98-193-3723,420,TX,100,2023-01-01 11:49:24,97426
27-716-4234,2662,TX,1000,2022-06-05 09:06:28,94108
06-628-7599,561,NJ,750,2023-06-08 05:12:43,65601
91-778-8854,149,MA,1200,2022-02-01 10:58:49,57669
25-187-0980,3350,TX,250,2022-10-14 12:31:00,62020
83-693-0191,1939,MA,1200,2022-11-11 22:17:47,69748
07-976-4580,927,CA,250,2023-03-18 01:07:14,95495
17-954-5958,550,NJ,1000,2022-04-13 16:49:33,72216
31-669-9352,1945,FL,500,2021-12-09 20:04:39,92350
22-035-5794,3092,MA,1200,2021-11-25 00:39:13,58143
41-078-4217,1889,MA,100,2022-12-04 00:29:12,81901
31-635-5371,2188,MA,500,2022-03-12 16:12:43,86320
33-427-4494,3121,FL,750,2022-10-27 06:47:40,67027
97-162-1260,2773,CA,1000,2023-03-23 05:15:44,96660
79-953-3715,3456,NY,1000,2022-12-22 19:56:54,63582
19-952-6340,464,CA,1000,2022-10-19 15:48:52,96011
78-602-0137,242,MA,1000,2021-11-08 07:16:14,88693
39-429-1783,2861,CA,500,2023-04-06 02:00:04,64114
86-623-1975,695,TX,1000,2022-10-28 02:57:01,83902
88-627-8880,2522,MA,1200,2023-02-08 22:52:31,76779
45-492-1185,1358,CA,250,2022-08-20 12:28:20,69959
15-815-4255,1820,FL,250,2023-01-15 01:50:10,73387
70-556-9092,3300,TX,500,2023-05-30 03:59:32,94842
46-923-9694,3065,CA,500,2023-02-17 23:28:02,63299
15-786-0083,3069,MA,1200,2023-01-15 06:50:53,61984
59-261-4424,1664,FL,100,2022-03-12 23:55:57,96185
10-842-4672,245,NJ,750,2023-06-02 01:20:55,68330
39-401-4487,87,CA,250,2021-11-09 10:13:44,64040
62-137-8533,526,NY,500,2023-01-25 21:54:32,74435
89-921-6059,67,NJ,500,2023-06-22 22:50:17,89126
80-293-5949,3190,MA,750,2023-01-23 19:16:21,68647
16-095-0015,2208,NY,750,2022-11-30 08:36:49,77291
36-180-7090,890,NJ,1200,2021-12-19 09:59:16,82916
21-508-6836,2483,TX,100,2022-01-19 09:53:11,84445
87-531-9005,32,FL,750,2021-11-13 14:01:00,64493
46-787-4626,2335,TX,250,2022-12-03 10:33:49,61040
33-116-5033,2295,TX,500,2023-04-22 04:34:19,69580
32-577-2615,3055,CA,100,2021-10-21 13:54:55,70940
58-028-3041,1970,NY,250,2021-10-23 00:39:06,71636
17-852-4016,2093,TX,1000,2022-03-01 12:30:19,63060
17-381-7757,1837,MA,500,2022-05-09 08:41:10,80158
74-921-2359,2824,TX,1200,2022-12-25 16:10:40,72363
53-205-2117,1429,FL,1200,2022-03-09 02:42:43,74040
67-781-5296,3022,NY,100,2022-11-28 17:17:29,97724
30-369-7331,450,CA,100,2022-11-30 15:05:41,63553
03-369-4754,294,NJ,100,2023-03-18 09:23:58,88897
44-456-2623,1483,TX,1000,2022-05-31 22:21:46,89114
79-433-3707,564,NY,750,2022-02-13 05:58:23,83700
15-610-6988,1154,TX,500,2023-01-22 13:25:44,63083
46-941-3761,1745,FL,1000,2022-06-25 03:41:23,86975
25-939-1428,384,CA,500,2023-05-24 19:48:06,90151
58-332-3687,3207,FL,750,2023-03-26 07:43:39,71487
68-361-7334,1502,NY,1200,2022-12-12 12:50:30,89740
86-224-9799,585,FL,750,2022-07-17 04:24:17,95181
46-828-1073,721,TX,250,2023-05-28 15:51:16,64324
15-803-3989,3456,NJ,1200,2022-07-09 12:30:03,85343
29-064-6937,2997,MA,1000,2023-04-13 18:15:35,59135
28-604-0446,807,FL,750,2022-06-22 22:28:39,87297
58-982-3861,2768,NY,100,2022-04-28 23:33:04,67005
93-818-4675,1477,TX,500,2022-07-10 15:44:05,80335
98-345-1328,2539,CA,1000,2022-09-24 04:43:04,85873
52-094-3589,2418,NY,250,2022-05-21 19:04:59,85539
44-368-4929,2447,TX,100,2021-10-08 17:18:38,74926
19-070-1979,1435,CA,500,2022-06-12 00:06:38,72885
83-658-9140,3106,FL,500,2022-11-12 14:53:36,69538
27-730-5392,1063,MA,1000,2023-03-05 10:52:27,68316
34-549-9151,2073,MA,1200,2023-04-10 00:18:47,78127
37-798-8870,1407,NJ,250,2021-11-28 16:45:35,67971
24-201-3972,2906,NY,1200,2021-11-07 06:48:01,83202
46-104-7222,3284,NJ,500,2022-03-21 14:39:41,64359
04-197-5171,75,CA,500,2022-11-25 12:08:35,93147
15-125-6916,3317,TX,1000,2023-02-03 23:14:30,61179
94-187-3466,2179,NJ,1200,2021-12-20 14:09:52,61255
24-285-5358,1397,CA,1000,2023-05-28 22:06:58,78481
60-548-7022,2638,FL,100,2021-10-26 05:12:41,60071
