order_id,order_date,product_id,category,price,customer_id,payment,shipping,tracking
1000667719,2019-01-22 16:02:46,57-124-4695,Grocery,$1353.36,61011,Amazon Checkout,Fedex,99969837196782
1000651659,2019-11-20 15:32:42,06-828-7839,Jewelery,$159.05,13052,Google Checkout,UPS,99990291854694
1000852871,2015-03-30 06:57:16,81-426-4924,Computers,$1247.32,49931,Discover,Fedex,99998772536979
1000699233,2012-10-29 13:08:44,48-355-8194,Toys,$548.88,18794,Visa,Fedex,99927909235150
1000897023,2015-01-19 09:56:43,61-900-6115,Clothing,$976.71,34927,Mastercard,Fedex,99955918570425
1000740929,2019-07-23 07:50:32,35-991-4335,Tools,$1184.70,79670,Google Checkout,Fedex,99959782001610
1000524933,2017-07-01 19:54:13,93-497-7495,Garden,$233.21,54872,Google Checkout,USPS,99991012785929
1000559006,2016-03-21 05:21:49,00-818-6969,Toys,$48.28,52990,Google Checkout,Fedex,99933443298894
1000881460,2011-11-23 13:31:18,01-775-4222,Jewelery,$890.27,64573,Visa,USPS,99900988649731
1000823620,2016-08-08 05:21:05,92-121-1728,Shoes,$782.15,27178,Amazon Checkout,UPS,99900438153182
1000867599,2019-03-07 04:48:08,21-391-1742,Beauty,$1207.38,51711,Paypal,UPS,99916201458474
1000622432,2018-10-20 00:57:18,67-836-8878,Toys,$1486.17,37433,Amex,Fedex,99910116225775
1000858669,2014-08-29 15:12:30,47-512-6667,Home,$1361.69,64843,Mastercard,UPS,99904667978354
1000845216,2019-01-15 19:05:59,80-916-3617,Computers,$559.58,32716,Visa,UPS,99959159905548
1000545117,2013-05-10 17:30:35,95-569-5159,Jewelery,$984.11,51928,Google Checkout,UPS,99912007841199
1000710067,2015-07-08 13:26:24,05-322-9781,Electronics,$407.44,14854,Google Checkout,USPS,99942510620115
1000620404,2018-07-26 22:06:07,13-586-5070,Electronics,$205.20,33418,Paypal,UPS,99919984119215
1000736896,2014-02-03 05:27:18,65-133-9750,Grocery,$1121.94,58041,Amex,Fedex,99955657283927
1000778263,2017-02-20 14:12:11,76-837-0492,Sports,$772.90,49704,Amex,UPS,99970172261442
1000790551,2015-06-11 23:46:13,81-482-1422,Sports,$612.12,49670,Paypal,UPS,99939036631137
1000826466,2018-01-26 06:40:48,09-626-5001,Automotive,$1482.40,37916,Amazon Checkout,USPS,99966171906943
1000513606,2019-11-24 10:58:10,48-826-1423,Grocery,$1061.46,40563,Amazon Checkout,USPS,99950624617382
1000776597,2013-04-20 13:21:59,47-142-4180,Grocery,$1429.68,21746,Visa,Fedex,99943038756579
1000634964,2011-05-10 22:19:24,84-397-0893,Automotive,$710.54,20613,Paypal,Fedex,99936965280689
1000558072,2016-09-15 03:27:07,71-985-2618,Books,$1467.66,52484,Discover,Fedex,99906242760394
1000709151,2012-09-24 21:14:54,10-326-5834,Music,$488.28,75326,Paypal,UPS,99915421933703
1000570031,2017-04-03 06:11:45,92-826-5153,Books,$693.73,85598,Amex,Fedex,99975742160060
1000527347,2013-01-12 01:05:10,52-459-7538,Outdoors,$1436.07,63745,Amex,UPS,99971592396396
1000641429,2013-12-07 02:16:52,53-314-4298,Industrial,$670.02,64250,Google Checkout,USPS,99953356508034
1000791703,2015-06-13 09:50:56,00-600-6530,Home,$1055.39,85138,Paypal,UPS,99957518490688
1000643343,2015-07-30 02:35:07,10-360-0088,Garden,$673.35,79541,Discover,USPS,99945393000356
1000559744,2018-08-08 06:42:04,49-236-2928,Tools,$587.87,44647,Amazon Checkout,UPS,99913884794568
1000870332,2016-08-01 11:05:02,48-161-0255,Games,$1034.36,19982,Discover,USPS,99921563998651
1000665596,2019-08-18 16:11:20,49-490-9783,Baby,$1247.09,68207,Paypal,Fedex,99962880760111
1000695162,2014-01-15 18:26:59,38-496-5257,Music,$163.97,61507,Mastercard,Fedex,99909684229801
1000528788,2016-08-25 16:43:39,25-449-1762,Beauty,$729.71,85279,Amex,USPS,99939842938723
1000671827,2017-09-24 08:57:22,19-649-4985,Computers,$1237.76,54527,Amex,UPS,99926523236158
1000556179,2015-10-16 17:43:58,69-692-4863,Sports,$983.27,20574,Google Checkout,USPS,99967223902332
1000807005,2017-04-02 03:17:25,99-449-7531,Toys,$1270.18,18493,Amex,UPS,99900481445031
1000674413,2017-07-04 05:19:23,75-475-9069,Shoes,$1065.05,10410,Visa,Fedex,99912475561560
1000672373,2019-12-17 05:10:29,96-942-9316,Shoes,$525.23,81639,Discover,USPS,99981417810985
1000881524,2020-05-01 00:31:27,77-695-5246,Beauty,$57.77,67317,Paypal,USPS,99922168685691
1000660627,2013-10-13 16:20:37,74-535-5370,Grocery,$505.60,37355,Amazon Checkout,Fedex,99997443279735
1000628347,2012-04-01 05:29:34,66-561-6425,Home,$55.04,14090,Paypal,Fedex,99916220996743
1000523242,2010-08-01 05:30:33,02-675-0060,Jewelery,$696.61,13424,Discover,USPS,99961096112088
1000585740,2012-01-22 19:07:46,16-964-7243,Beauty,$1268.00,57912,Google Checkout,UPS,99944728885489
1000507375,2019-05-15 02:43:58,34-125-9895,Toys,$1080.23,36392,Discover,UPS,99943958659400
1000718725,2020-03-06 10:29:46,46-896-9820,Home,$807.24,86296,Discover,UPS,99972293816026
1000515299,2018-05-02 05:46:24,57-758-2679,Books,$243.97,46824,Google Checkout,USPS,99935736669465
1000816429,2015-02-05 11:27:01,60-309-2759,Electronics,$1154.09,10393,Mastercard,Fedex,99991541384320
1000778958,2012-06-04 17:26:05,11-246-5487,Beauty,$1073.13,71977,Google Checkout,UPS,99968214337599
1000697781,2018-11-22 21:28:27,93-710-4955,Shoes,$992.87,75848,Amazon Checkout,UPS,99945819637701
1000519551,2015-07-29 12:34:59,29-493-8895,Electronics,$1007.10,10501,Amex,USPS,99947740356505
1000841170,2011-10-14 00:59:29,14-935-7077,Tools,$105.99,16386,Mastercard,USPS,99952217342180
1000540828,2017-01-28 21:28:49,87-431-0472,Tools,$1122.28,16645,Amex,USPS,99910673184816
1000821553,2017-09-07 10:29:49,18-209-0194,Tools,$828.27,66156,Amex,Fedex,99953958586134
1000505068,2017-01-25 20:28:39,90-095-5960,Outdoors,$1135.88,77391,Amex,UPS,99963854701134
1000760098,2020-03-07 10:07:26,39-138-7801,Clothing,$1449.13,18392,Mastercard,USPS,99908319802228
1000679458,2017-10-08 16:04:18,69-172-4740,Games,$209.21,11078,Amex,UPS,99982830544826
1000727572,2019-11-22 11:06:01,96-250-5296,Kids,$1374.13,39683,Google Checkout,USPS,99940550807945
1000708388,2012-12-30 00:32:46,13-313-4425,Baby,$464.66,51275,Paypal,Fedex,99996707438944
1000607755,2012-11-20 10:14:01,36-951-8022,Automotive,$1286.91,52171,Mastercard,Fedex,99981256607621
1000633071,2016-02-12 03:42:42,86-361-0397,Sports,$634.62,85352,Paypal,USPS,99970291303917
1000546406,2011-05-06 00:13:31,49-863-9182,Music,$1247.11,48123,Mastercard,USPS,99933353971768
1000500774,2012-02-05 23:29:58,32-225-1208,Electronics,$397.59,44583,Mastercard,USPS,99940197064571
1000865034,2020-04-09 14:22:23,00-962-2612,Grocery,$107.93,83845,Google Checkout,Fedex,99964266071658
1000784062,2017-07-29 00:03:55,92-137-1750,Shoes,$975.85,54092,Amazon Checkout,USPS,99904767596363
1000764816,2016-05-26 10:41:20,53-556-9891,Health,$1215.26,87310,Visa,Fedex,99917340447356
1000504190,2015-09-30 12:55:54,98-429-4175,Kids,$79.75,88144,Mastercard,Fedex,99989140582828
1000615900,2014-07-12 04:32:00,28-086-2380,Books,$700.06,33613,Visa,Fedex,99958150574127
1000581504,2016-04-13 06:30:36,04-014-6143,Shoes,$93.69,32716,Amex,Fedex,99989651413377
1000756170,2011-07-30 19:13:23,82-011-9733,Automotive,$239.40,56308,Visa,USPS,99918194923666
1000584596,2019-08-07 02:00:43,43-823-0811,Jewelery,$227.54,89066,Google Checkout,USPS,99953309655600
1000503748,2012-07-15 03:33:58,43-478-8145,Outdoors,$911.75,76881,Google Checkout,USPS,99933108841648
1000721503,2015-10-14 10:35:50,30-418-1822,Toys,$1293.13,50062,Google Checkout,USPS,99909965778394
1000593087,2014-12-21 21:55:02,77-911-7545,Movies,$1233.11,38265,Paypal,UPS,99909442344349
1000840060,2016-06-01 04:49:41,79-523-0469,Garden,$1443.81,35237,Discover,UPS,99903070391672
1000601880,2014-08-28 03:39:33,08-614-4213,Shoes,$752.56,34040,Google Checkout,Fedex,99975439241215
1000752189,2013-02-03 19:06:39,09-555-7735,Outdoors,$361.85,38986,Paypal,UPS,99919405651061
1000531096,2019-11-24 12:00:58,91-687-9141,Shoes,$258.95,72260,Visa,Fedex,99971278464099
1000693738,2013-07-22 05:22:49,05-745-7315,Industrial,$553.67,81867,Google Checkout,Fedex,99915685858206
1000888752,2014-03-16 22:42:49,83-487-3474,Beauty,$280.75,67253,Amex,Fedex,99997954658614
1000618377,2011-02-02 10:48:30,60-929-8672,Outdoors,$760.20,60468,Mastercard,Fedex,99987212837101
1000741443,2019-08-01 04:26:10,66-746-0182,Grocery,$1137.09,83904,Amazon Checkout,UPS,99968563446411
1000703235,2015-11-22 08:26:11,49-070-2442,Grocery,$1126.01,53148,Paypal,UPS,99997102130553
1000573630,2016-04-03 16:43:17,74-368-5581,Health,$289.77,12181,Google Checkout,USPS,99903528132533
1000546026,2018-11-19 20:01:07,74-371-3891,Garden,$1236.50,23164,Amazon Checkout,UPS,99907827640845
1000870184,2016-04-16 22:05:56,08-034-3004,Clothing,$498.01,76863,Paypal,UPS,99997015697287
1000757900,2011-05-10 08:08:28,50-838-6997,Music,$428.38,62903,Google Checkout,Fedex,99990196759091
1000536535,2012-03-21 00:02:11,20-783-5948,Toys,$55.92,27837,Amazon Checkout,Fedex,99934937609320
1000564605,2017-11-18 00:54:31,35-084-6576,Beauty,$321.67,64079,Amazon Checkout,Fedex,99972647750939
1000639366,2013-09-29 14:51:37,78-320-6284,Tools,$476.96,50436,Amazon Checkout,Fedex,99988798728569
1000620518,2016-11-20 18:53:19,41-292-4328,Outdoors,$1379.27,72347,Amex,Fedex,99906731263042
1000824635,2017-04-10 10:50:06,59-482-1767,Clothing,$513.88,53283,Discover,UPS,99917119462878
1000851524,2014-11-05 21:21:03,78-087-4122,Games,$710.18,81497,Visa,Fedex,99977513241346
1000610439,2013-05-25 13:15:24,28-751-2312,Sports,$636.49,32453,Mastercard,USPS,99996017711910
1000686908,2011-02-18 14:14:58,73-045-1651,Electronics,$1470.72,16378,Amex,UPS,99932006080080
1000682852,2015-09-22 11:31:00,55-090-5437,Clothing,$416.41,49527,Amex,UPS,99948214750245
1000849196,2016-01-13 16:46:11,01-811-5411,Garden,$611.05,56005,Amazon Checkout,UPS,99907316947396
1000853998,2012-11-03 20:03:27,89-396-3280,Garden,$1148.41,29381,Paypal,Fedex,99919589891767
1000558694,2015-03-27 08:20:10,21-959-4652,Music,$80.97,88818,Mastercard,UPS,99953470290225
1000840621,2020-03-04 16:05:10,09-759-0899,Computers,$300.29,57114,Visa,USPS,99922872913911
1000898329,2013-08-27 10:04:49,92-683-8499,Garden,$498.73,59528,Visa,UPS,99921104391918
1000779238,2013-04-29 21:47:15,17-628-3158,Music,$178.64,70446,Amazon Checkout,Fedex,99925677760970
1000647088,2013-03-05 17:09:07,49-494-4250,Books,$1210.81,67273,Visa,Fedex,99976411012145
1000609741,2018-05-09 20:14:38,42-136-6604,Baby,$1430.67,59814,Visa,USPS,99941728146528
1000618319,2011-11-17 16:45:22,91-165-8316,Games,$327.35,49553,Discover,UPS,99991960598219
1000654991,2018-09-04 22:19:45,30-637-4540,Tools,$653.01,42205,Google Checkout,Fedex,99934239743979
1000764633,2015-07-09 14:40:13,99-069-5206,Jewelery,$1197.71,35314,Amex,USPS,99979736214399
1000768849,2013-05-13 23:17:17,79-091-9215,Baby,$531.86,55323,Google Checkout,USPS,99983486677819
1000710438,2016-03-16 03:02:15,71-792-9115,Movies,$658.54,59363,Mastercard,UPS,99997314373779
1000899690,2020-01-01 09:04:48,12-016-6635,Clothing,$1217.92,79469,Amazon Checkout,USPS,99923246365604
1000671402,2012-06-13 05:15:32,60-450-0041,Tools,$1192.10,70457,Paypal,USPS,99978318563134
1000724219,2015-11-28 11:42:50,83-078-3106,Jewelery,$1416.02,15176,Google Checkout,UPS,99945902776149
1000520875,2013-05-26 12:12:15,16-814-9783,Movies,$887.92,57452,Mastercard,UPS,99951971952027
1000780670,2012-06-12 06:35:01,58-492-8963,Kids,$560.60,71634,Amex,Fedex,99912412497830
1000550023,2012-03-07 14:22:26,18-976-9117,Industrial,$601.07,49691,Amazon Checkout,Fedex,99985512313094
1000847747,2017-10-14 10:28:24,53-627-7638,Music,$56.52,71026,Amazon Checkout,USPS,99950694097373
1000654095,2016-10-01 14:40:47,01-830-1870,Baby,$1151.78,53165,Mastercard,UPS,99930846979704
1000657983,2011-05-04 17:55:51,53-788-5855,Beauty,$164.23,62089,Amex,USPS,99965733689556
1000611863,2011-03-21 11:17:55,00-091-2924,Electronics,$862.45,46694,Amazon Checkout,UPS,99920490038355
1000836316,2015-01-06 07:11:07,14-176-2167,Beauty,$1369.95,78696,Discover,USPS,99934596956990
1000684926,2010-08-21 10:28:25,47-431-1003,Automotive,$455.11,55031,Mastercard,Fedex,99978068740127
1000650692,2012-04-07 12:01:24,53-813-7901,Industrial,$92.37,38032,Amex,USPS,99912162861142
1000541778,2019-07-26 00:05:18,82-044-2858,Books,$1257.53,30375,Discover,USPS,99904239304457
1000557896,2014-02-08 22:19:55,13-849-6425,Movies,$1320.41,26868,Paypal,USPS,99945721132093
1000655992,2016-08-08 12:44:33,55-407-5246,Sports,$812.60,38382,Mastercard,UPS,99979786575527
1000573766,2015-06-17 04:20:30,41-069-3532,Baby,$73.50,47103,Paypal,Fedex,99972362744859
1000665525,2015-06-11 08:10:03,57-663-9689,Home,$759.95,65552,Visa,Fedex,99993392269624
1000671948,2018-04-20 00:47:10,30-925-0208,Games,$96.09,60283,Amex,UPS,99901990621299
1000872100,2018-11-03 14:07:19,15-430-0153,Automotive,$1049.43,66304,Paypal,UPS,99931894901760
1000789241,2017-07-07 03:56:04,67-998-2540,Grocery,$505.05,75936,Paypal,Fedex,99941955189761
1000839982,2014-11-13 17:37:24,68-199-8441,Beauty,$1425.79,12013,Visa,Fedex,99948377910224
1000683927,2020-05-25 12:05:23,04-492-9675,Jewelery,$1317.45,61340,Google Checkout,Fedex,99929537132885
1000867515,2011-08-26 06:09:58,62-966-0379,Clothing,$1196.63,84549,Amazon Checkout,Fedex,99928109015371
1000739844,2018-05-13 16:08:03,69-100-4585,Computers,$402.97,28260,Amex,Fedex,99915792959900
1000544616,2017-11-30 15:35:35,33-500-6621,Computers,$171.19,74544,Amex,Fedex,99953777506370
1000615398,2014-12-12 07:17:05,01-853-9049,Shoes,$657.89,53627,Amazon Checkout,USPS,99928907189219
1000515679,2011-03-27 12:07:08,95-155-3618,Industrial,$1114.69,21246,Discover,UPS,99914091337621
1000767165,2013-12-24 18:28:55,97-229-2815,Toys,$422.97,11931,Mastercard,Fedex,99941880697469
1000807465,2015-04-24 19:41:12,32-857-7874,Automotive,$25.16,39148,Google Checkout,UPS,99982172619310
1000799559,2019-03-03 20:53:10,17-251-0350,Industrial,$1314.86,53748,Amazon Checkout,USPS,99955515470399
1000852952,2011-07-22 12:31:26,22-969-8386,Electronics,$1295.61,87282,Discover,USPS,99967394805738
1000622928,2016-05-08 09:05:32,45-637-0205,Books,$119.95,25610,Mastercard,UPS,99925364841082
1000626649,2010-07-15 00:26:16,92-463-7851,Baby,$940.30,20404,Amex,USPS,99974915918745
1000892305,2015-10-09 17:09:57,24-504-2632,Tools,$920.42,62850,Amex,UPS,99935213439808
1000880121,2019-09-11 02:21:21,11-861-9936,Tools,$1494.19,76358,Visa,UPS,99901942688515
1000888294,2012-07-20 19:43:48,24-688-8682,Electronics,$102.97,23620,Discover,UPS,99908807638077
1000619455,2014-09-21 05:58:38,16-645-9035,Books,$1225.56,33310,Amazon Checkout,Fedex,99940802599178
1000615883,2011-08-23 06:27:30,47-359-9748,Automotive,$520.97,70031,Mastercard,Fedex,99926482944972
1000661518,2010-10-30 16:09:15,75-404-1478,Toys,$1262.60,40267,Visa,USPS,99923705984546
1000708699,2012-03-11 15:05:20,94-178-1167,Books,$1365.44,34039,Amazon Checkout,UPS,99900583880284
1000791801,2015-03-04 10:10:40,67-579-1868,Books,$290.65,64295,Google Checkout,UPS,99931955833162
1000621615,2013-01-10 23:45:21,54-966-1995,Shoes,$988.46,46514,Discover,Fedex,99976976690414
1000559625,2014-08-19 04:00:54,34-009-4240,Toys,$82.79,53081,Amex,Fedex,99985170313726
1000748492,2019-09-06 06:39:52,64-706-3460,Clothing,$38.66,59557,Amex,USPS,99922413838535
1000729458,2017-11-25 08:45:43,45-585-0212,Movies,$1410.48,11912,Google Checkout,UPS,99990104509394
1000689820,2014-03-28 17:21:43,10-561-3304,Baby,$1250.15,38255,Mastercard,USPS,99985531323306
1000865458,2019-05-22 07:54:39,84-210-9059,Music,$1143.71,34243,Google Checkout,Fedex,99916195833331
1000832280,2012-03-25 05:47:46,12-966-9017,Music,$298.08,79947,Paypal,UPS,99977860140366
1000576823,2010-09-05 03:19:24,78-009-5913,Tools,$961.45,62862,Discover,USPS,99951112621483
1000743368,2019-09-19 02:42:41,82-445-4498,Games,$727.65,43945,Amazon Checkout,USPS,99975508017633
1000646598,2015-12-18 15:06:08,43-796-5568,Shoes,$834.50,58301,Mastercard,UPS,99949968328074
1000592213,2018-02-27 15:49:43,11-356-8707,Computers,$552.19,66957,Google Checkout,Fedex,99997602870262
1000503567,2012-08-12 05:42:33,74-924-4632,Electronics,$914.74,42433,Amex,USPS,99955311377144
1000800212,2011-04-06 00:51:52,59-346-2714,Tools,$457.07,72457,Visa,USPS,99918007341515
1000596785,2014-04-21 15:16:02,34-171-0911,Tools,$1354.96,78539,Mastercard,Fedex,99929023556841
1000789653,2019-03-19 00:25:54,79-209-0267,Clothing,$1230.37,54361,Paypal,Fedex,99983714906065
1000654968,2013-05-28 05:23:48,33-885-2303,Computers,$333.96,13001,Discover,UPS,99957714236464
1000787028,2013-09-23 21:34:18,82-190-7092,Clothing,$796.22,12205,Amex,USPS,99970841973816
1000614325,2018-11-10 21:31:17,95-068-9711,Clothing,$895.83,25848,Amazon Checkout,USPS,99982463622983
1000699392,2012-02-15 12:18:51,76-799-1911,Home,$27.78,84193,Paypal,UPS,99944671034541
1000606529,2011-08-07 12:48:53,64-055-6601,Kids,$904.52,46373,Amazon Checkout,USPS,99990033438009
1000787950,2016-02-29 10:50:45,17-001-2122,Kids,$1252.19,55488,Visa,Fedex,99993630878868
1000619865,2011-01-22 01:50:16,50-486-4354,Clothing,$1239.18,63365,Discover,UPS,99914981329845
1000590236,2014-12-14 23:44:53,15-042-1450,Computers,$1207.01,88120,Paypal,UPS,99984409738802
1000607165,2011-01-22 15:35:53,89-212-7062,Beauty,$1335.90,70222,Mastercard,Fedex,99917054445823
1000881436,2017-09-09 21:08:20,03-730-3842,Toys,$1035.49,18285,Paypal,USPS,99915100891174
1000856411,2017-04-22 15:50:24,62-481-4461,Movies,$758.30,65936,Paypal,USPS,99931063960946
1000670591,2014-01-22 23:04:40,19-673-9447,Baby,$554.96,24773,Mastercard,Fedex,99904995347132
1000822869,2014-07-08 11:45:07,57-423-2940,Clothing,$732.12,44532,Visa,USPS,99987640620960
1000749096,2018-10-10 18:14:35,03-864-4724,Baby,$903.38,75286,Amazon Checkout,UPS,99922748974528
1000836122,2020-01-10 15:21:40,57-909-1022,Health,$1121.07,50153,Discover,UPS,99972441185167
1000779488,2017-12-15 06:01:38,93-217-9258,Garden,$870.73,28627,Mastercard,UPS,99921301339189
1000627735,2018-08-02 16:34:25,14-760-3478,Industrial,$942.76,38771,Discover,Fedex,99926492817917
1000895817,2018-04-22 00:39:47,79-896-7816,Tools,$1363.70,47008,Google Checkout,Fedex,99919367255525
1000652705,2016-11-09 21:25:48,07-317-7234,Industrial,$989.19,49005,Discover,USPS,99967470768335
1000692183,2016-07-18 14:15:45,45-915-4589,Automotive,$160.91,36873,Visa,UPS,99915810211727
1000792780,2012-11-12 06:59:11,11-782-7979,Games,$554.61,51631,Google Checkout,USPS,99962181685485
1000530687,2016-07-02 18:12:54,89-536-6133,Automotive,$603.76,85830,Google Checkout,Fedex,99921718349354
1000625568,2013-07-03 05:35:57,25-789-1461,Home,$427.68,25386,Visa,USPS,99925898164113
1000559061,2012-01-28 04:30:05,99-384-9110,Games,$1425.79,14378,Mastercard,Fedex,99908314824819
1000746098,2010-12-20 20:50:26,20-657-2887,Industrial,$1236.22,55080,Mastercard,USPS,99985518818161
1000662439,2014-03-22 17:11:58,66-720-7273,Industrial,$487.78,49096,Paypal,USPS,99969351486693
1000857419,2019-05-12 10:36:04,39-240-5233,Garden,$1206.00,19233,Discover,UPS,99937987336241
1000758659,2018-02-12 09:15:06,59-702-9225,Outdoors,$416.18,13707,Amazon Checkout,UPS,99927240788478
1000620431,2011-12-31 00:29:30,38-486-8251,Baby,$189.96,23372,Google Checkout,USPS,99982255248082
1000589932,2018-02-18 23:57:07,37-207-8107,Sports,$213.63,51695,Visa,UPS,99905564926565
1000609736,2014-11-21 16:12:29,27-119-0688,Tools,$53.59,42624,Google Checkout,Fedex,99996903251483
1000594901,2012-08-26 17:41:14,10-376-0433,Industrial,$1322.43,39663,Visa,Fedex,99989930145304
1000731588,2015-12-06 15:16:53,91-481-8289,Sports,$665.15,81255,Amex,USPS,99935931265217
1000634826,2018-05-18 03:30:18,96-203-7423,Jewelery,$1429.52,87359,Amazon Checkout,USPS,99919100027736
1000704839,2015-08-27 12:52:58,30-330-4879,Baby,$726.80,20341,Amazon Checkout,Fedex,99902279188666
1000682523,2014-04-07 05:06:46,58-986-6554,Baby,$330.22,65627,Mastercard,Fedex,99995196467985
1000727621,2014-09-06 23:41:13,56-691-5499,Books,$1261.34,80172,Visa,Fedex,99975883552365
1000535361,2012-11-16 20:35:29,71-167-3544,Garden,$201.52,65982,Mastercard,Fedex,99947739054301
1000811241,2010-07-12 10:14:36,07-722-3589,Electronics,$332.32,79089,Mastercard,Fedex,99927047081499
1000662684,2012-05-20 00:03:50,95-767-2652,Electronics,$508.00,79942,Google Checkout,Fedex,99991440375608
1000765379,2010-06-26 14:35:57,22-054-9074,Tools,$239.10,20674,Google Checkout,USPS,99903988599653
1000892317,2018-06-10 12:48:02,01-497-3522,Sports,$606.24,85356,Discover,Fedex,99915009738699
1000786444,2019-01-15 15:30:58,43-192-9745,Home,$501.11,42230,Discover,USPS,99921884032052
1000745386,2016-05-30 03:50:47,90-898-4060,Kids,$687.58,82716,Google Checkout,Fedex,99932164832200
1000692622,2019-09-09 03:52:52,66-245-7246,Automotive,$1143.19,81697,Discover,USPS,99916471585782
1000886430,2019-11-05 10:17:28,99-365-1011,Toys,$1102.44,24179,Discover,Fedex,99959666911892
1000589863,2014-06-17 02:31:21,53-124-9983,Clothing,$825.20,24060,Amazon Checkout,Fedex,99907122917070
1000805926,2019-12-20 09:41:09,12-304-7940,Health,$426.68,11247,Paypal,Fedex,99951264616755
1000650500,2012-02-14 01:38:36,87-209-7541,Beauty,$133.86,86258,Discover,Fedex,99928247051462
1000886336,2015-08-13 21:21:45,69-076-1490,Music,$1284.16,66281,Discover,UPS,99926829658229
1000754519,2016-06-11 19:27:02,74-294-7317,Shoes,$1499.55,23623,Amazon Checkout,Fedex,99954732542767
1000532219,2019-06-04 16:49:17,55-865-5426,Clothing,$139.53,26841,Discover,UPS,99948794386637
1000552062,2017-02-16 03:22:45,47-756-6568,Computers,$638.43,30026,Paypal,USPS,99987613243270
1000663891,2018-10-18 21:10:06,06-248-1244,Beauty,$804.97,19949,Visa,Fedex,99925352486058
1000804386,2018-11-08 13:15:35,64-180-3458,Home,$1262.74,85294,Visa,USPS,99932310965302
1000729139,2020-06-10 23:53:59,29-193-4954,Shoes,$416.83,35554,Google Checkout,USPS,99901849673156
1000619630,2011-09-06 22:02:09,02-409-7478,Beauty,$865.58,52668,Google Checkout,Fedex,99916470776489
1000808441,2018-08-20 18:38:42,69-382-5285,Baby,$863.41,10257,Google Checkout,UPS,99978558321522
1000757506,2017-10-31 14:02:52,63-675-2355,Outdoors,$402.23,42443,Paypal,Fedex,99945046116367
1000545525,2012-11-25 16:12:54,57-365-1375,Clothing,$780.21,36494,Discover,USPS,99981733787202
1000676032,2018-05-27 04:50:53,47-587-9786,Outdoors,$1487.26,62082,Mastercard,USPS,99976098015026
1000639055,2017-10-07 06:47:06,24-140-0673,Toys,$1210.83,57764,Google Checkout,USPS,99925078207814
1000653134,2015-07-25 21:15:16,36-642-5467,Electronics,$1263.67,50802,Visa,UPS,99972612610699
1000841358,2019-10-22 18:41:30,13-481-7119,Tools,$1325.27,78771,Paypal,Fedex,99991609740138
1000799256,2014-03-19 20:21:04,11-391-0755,Computers,$726.70,83329,Paypal,Fedex,99973214762931
1000553819,2013-12-08 12:09:45,05-392-6543,Baby,$693.96,58869,Discover,Fedex,99921197323702
1000847387,2019-04-15 16:46:28,44-146-4160,Sports,$1118.41,88127,Mastercard,UPS,99997892731138
1000754457,2017-10-15 10:34:08,26-822-3067,Kids,$147.18,15888,Discover,USPS,99945211888999
1000772826,2017-03-12 05:49:06,78-108-9436,Home,$1189.52,78421,Amazon Checkout,USPS,99908144994996
1000663036,2016-03-02 12:45:41,26-754-9531,Health,$396.56,37105,Mastercard,UPS,99944076703654
1000800106,2013-04-28 20:50:40,88-462-7162,Movies,$806.49,60883,Amex,Fedex,99908503325526
1000662259,2011-05-05 11:12:12,63-977-1584,Beauty,$669.87,24500,Discover,USPS,99987247406482
1000825645,2017-06-11 18:02:00,94-592-2056,Movies,$787.59,13086,Google Checkout,UPS,99991155496221
1000840385,2017-12-17 02:17:51,80-485-9463,Sports,$551.46,46250,Discover,Fedex,99919054052608
1000582871,2011-09-22 10:19:35,42-201-4062,Shoes,$1089.79,79568,Visa,Fedex,99913586867931
1000814303,2012-10-15 23:10:09,89-096-7132,Baby,$801.08,71213,Google Checkout,UPS,99975682767901
1000806955,2016-11-16 02:27:26,90-090-8037,Outdoors,$1099.73,48149,Visa,Fedex,99929951028233
1000851208,2013-06-06 00:14:06,13-374-1168,Kids,$1350.28,10499,Discover,Fedex,99970742108819
1000735301,2012-05-25 11:14:49,55-193-5080,Music,$133.41,25338,Discover,Fedex,99959326359440
1000672324,2012-06-12 15:22:12,42-676-5950,Shoes,$1251.67,17520,Paypal,Fedex,99964853026269
1000895675,2016-03-04 13:51:28,78-538-9442,Tools,$643.63,63438,Google Checkout,UPS,99924851836580
1000813699,2016-06-08 17:47:32,08-734-9602,Grocery,$787.39,24724,Paypal,UPS,99973965514709
1000748086,2011-11-04 22:21:42,13-968-6372,Health,$674.69,89841,Mastercard,Fedex,99900994398274
1000881682,2020-01-08 15:04:21,38-978-7362,Movies,$50.95,41924,Amex,Fedex,99916755647497
1000534073,2020-03-19 14:24:53,87-590-6625,Computers,$877.18,78933,Mastercard,UPS,99939623323170
1000584990,2011-05-12 16:14:35,48-226-6776,Books,$467.14,30044,Discover,USPS,99922622145729
1000818249,2018-05-10 09:03:13,82-983-9686,Music,$784.08,79376,Amazon Checkout,USPS,99928856602926
1000654916,2018-12-22 21:16:46,55-723-9915,Health,$706.85,22578,Visa,Fedex,99931596242478
1000705825,2020-01-19 20:20:57,70-667-6169,Outdoors,$819.77,24055,Google Checkout,Fedex,99905503951030
1000537365,2018-04-25 06:59:19,10-838-3552,Shoes,$120.31,19490,Paypal,USPS,99906890007900
1000880544,2012-11-13 19:12:55,13-001-4527,Books,$1259.37,18670,Mastercard,UPS,99992570221468
1000895439,2020-05-15 04:51:53,72-400-6915,Health,$825.49,88663,Mastercard,Fedex,99961215307746
1000823135,2018-11-18 14:01:36,66-830-2425,Health,$215.60,41162,Paypal,UPS,99941491632862
1000657395,2011-09-25 23:45:44,64-611-1183,Games,$223.76,81434,Visa,Fedex,99919723112574
1000768578,2015-11-20 06:21:02,48-286-2547,Tools,$1284.01,26272,Paypal,UPS,99964680230358
1000543357,2018-04-22 12:03:12,32-377-1222,Movies,$484.13,66100,Visa,USPS,99959411039435
1000804407,2013-12-17 08:04:39,57-749-8744,Automotive,$70.95,89782,Google Checkout,Fedex,99918823407667
1000790806,2013-06-26 17:07:54,28-443-0876,Toys,$363.34,46162,Visa,UPS,99926964898209
1000543009,2015-11-11 02:48:13,21-855-8041,Computers,$911.08,50127,Amex,Fedex,99959679720468
1000805993,2017-09-09 17:58:59,34-603-1253,Home,$442.69,60723,Amazon Checkout,USPS,99911485483347
1000564888,2017-10-09 03:59:48,13-728-1895,Computers,$862.35,43514,Paypal,Fedex,99943430887599
1000719739,2014-01-01 23:25:18,79-048-5357,Electronics,$630.34,56690,Google Checkout,Fedex,99923506541452
1000540613,2017-05-27 08:44:00,29-624-7648,Automotive,$571.24,84563,Discover,USPS,99952749724096
1000799496,2010-09-29 14:28:16,09-371-2723,Kids,$80.28,29993,Amex,Fedex,99979690345859
1000657554,2018-01-20 18:04:52,75-817-2467,Industrial,$1422.28,18543,Mastercard,Fedex,99932379754219
1000531588,2010-12-27 19:22:06,79-801-0023,Movies,$912.27,40225,Discover,USPS,99961493850914
1000837654,2014-05-15 02:50:43,17-611-4321,Sports,$38.15,31306,Discover,UPS,99948659219262
1000773275,2013-07-29 14:42:22,57-259-9272,Automotive,$987.31,63976,Amazon Checkout,USPS,99962319498725
1000875418,2014-02-16 05:51:56,76-390-3897,Beauty,$1063.46,74239,Amex,Fedex,99980831213002
1000642354,2010-12-14 19:15:10,43-836-2295,Jewelery,$1220.10,33202,Amazon Checkout,USPS,99938848235446
1000890570,2018-02-28 05:57:02,13-390-0735,Garden,$1343.54,22979,Discover,Fedex,99934268280264
1000884739,2013-04-03 14:05:04,29-995-3927,Computers,$1368.43,18761,Google Checkout,UPS,99981451130723
1000728842,2013-07-28 16:36:10,10-372-5367,Shoes,$1076.88,49525,Google Checkout,Fedex,99930468095191
1000800865,2018-09-21 10:37:18,04-663-6227,Jewelery,$208.88,17535,Visa,UPS,99961679591782
1000877046,2016-04-25 23:29:47,43-193-2228,Music,$267.45,76705,Amazon Checkout,USPS,99939131879072
1000520445,2017-08-16 13:54:35,93-558-0533,Grocery,$735.26,73819,Discover,UPS,99927704672809
1000539635,2020-01-29 06:44:42,33-242-6066,Beauty,$761.92,32851,Discover,UPS,99984351089415
1000781363,2015-05-19 13:52:19,24-205-6857,Movies,$333.05,72935,Amex,UPS,99968646762045
1000732740,2017-12-22 12:10:23,95-136-4541,Kids,$783.10,61067,Visa,UPS,99904800198112
1000826666,2018-12-21 12:39:37,77-657-5574,Electronics,$301.45,79886,Google Checkout,Fedex,99997125177859
1000572559,2012-05-23 02:05:22,05-718-9955,Grocery,$1021.38,68599,Paypal,USPS,99946433232905
1000869076,2014-07-02 10:44:16,49-004-5375,Movies,$590.68,14231,Mastercard,Fedex,99950409178496
1000717150,2012-03-23 13:16:50,01-805-3793,Computers,$273.29,64545,Mastercard,USPS,99927894802743
1000889266,2019-09-21 15:04:05,18-721-3971,Games,$1137.76,77574,Paypal,UPS,99912197519998
1000689421,2011-02-26 18:42:01,72-981-3377,Movies,$1314.95,74346,Visa,UPS,99963862484804
1000865186,2018-04-29 19:31:15,93-003-7961,Electronics,$1072.16,74957,Mastercard,UPS,99912259915614
1000825090,2013-04-27 10:26:18,36-364-8505,Tools,$852.32,68720,Paypal,UPS,99943313591605
1000513527,2016-12-17 19:24:39,92-884-4688,Beauty,$655.57,10413,Mastercard,UPS,99945289577564
1000600405,2019-07-23 17:05:16,29-440-4509,Beauty,$117.89,76686,Amazon Checkout,USPS,99947254328223
1000884627,2010-08-09 17:51:04,52-477-5324,Outdoors,$1126.67,26369,Paypal,USPS,99988853850369
1000600401,2016-05-03 18:06:21,71-378-6103,Baby,$457.13,78284,Visa,Fedex,99962740959977
1000647075,2019-10-24 21:28:29,07-163-0092,Home,$708.09,25108,Google Checkout,Fedex,99999388099697
1000885954,2016-05-03 22:08:00,72-471-9661,Shoes,$641.79,89981,Paypal,UPS,99990881246418
1000591296,2017-05-23 22:11:34,30-099-3530,Movies,$1487.67,29472,Amex,USPS,99934816537763
1000823553,2012-05-06 02:05:57,27-281-1389,Industrial,$1256.15,84049,Google Checkout,Fedex,99901994553546
1000739021,2012-12-13 07:05:45,89-377-1498,Sports,$1218.06,51958,Google Checkout,USPS,99901779109352
1000562163,2020-03-21 00:08:51,76-099-1106,Jewelery,$1393.03,37711,Amazon Checkout,USPS,99910914336549
1000504529,2013-03-15 22:02:44,13-781-5147,Beauty,$293.83,21002,Amex,UPS,99968113674719
1000666322,2016-05-05 14:06:45,18-182-0962,Industrial,$85.72,44982,Discover,UPS,99937126475255
1000629345,2014-11-24 11:23:42,97-422-2685,Kids,$1491.53,26594,Mastercard,Fedex,99924899952454
1000830000,2011-10-16 14:14:13,49-677-7341,Automotive,$643.78,40245,Paypal,USPS,99995360472226
1000519704,2013-07-07 19:08:02,05-026-2909,Grocery,$1255.04,56602,Google Checkout,UPS,99909049224875
1000771277,2012-07-18 20:15:29,43-023-4065,Movies,$673.62,59523,Amex,USPS,99995825389756
1000651147,2014-12-31 03:51:39,23-691-7176,Computers,$672.17,51252,Amazon Checkout,Fedex,99981662049813
1000625116,2014-08-31 06:52:20,59-252-6456,Computers,$344.66,33274,Mastercard,Fedex,99924102569606
1000571331,2013-01-11 22:39:19,04-352-9099,Outdoors,$918.94,18676,Visa,UPS,99915330775547
1000519048,2015-11-17 20:14:55,10-686-0370,Outdoors,$27.72,30885,Discover,UPS,99923517154170
1000566122,2011-12-03 07:18:10,99-752-2799,Health,$226.23,34871,Discover,UPS,99928937873966
1000544418,2018-05-01 21:32:37,04-874-2411,Clothing,$318.82,25497,Amex,USPS,99942403370135
1000749256,2015-07-26 06:31:01,88-447-7279,Garden,$1218.04,19434,Discover,Fedex,99980826597958
1000593408,2011-08-30 20:12:29,61-199-9897,Games,$478.49,41854,Amazon Checkout,Fedex,99983589320580
1000587103,2016-12-30 05:32:48,63-252-2509,Shoes,$1133.23,35945,Amazon Checkout,UPS,99953482674427
1000762752,2018-10-08 20:18:31,88-532-8598,Shoes,$445.15,38407,Discover,USPS,99947688792069
1000844316,2011-12-09 09:23:12,60-012-0531,Electronics,$1355.36,41075,Mastercard,UPS,99954246581837
1000694863,2015-04-06 10:16:34,36-040-6707,Garden,$1205.21,19928,Mastercard,Fedex,99991388895583
1000662565,2012-12-23 13:47:57,92-076-9603,Health,$1139.42,56807,Mastercard,UPS,99955054398993
1000614921,2010-08-01 18:12:56,74-402-3051,Tools,$763.53,12659,Mastercard,UPS,99947938946121
1000751839,2011-04-25 14:28:58,91-646-9870,Industrial,$675.31,46164,Amex,UPS,99913506174358
1000761593,2012-04-19 11:09:23,22-899-5635,Kids,$1027.40,77457,Paypal,USPS,99939752425681
1000649462,2018-11-17 18:56:56,84-595-9583,Games,$1496.35,84576,Amazon Checkout,USPS,99999338016277
1000824789,2017-12-08 17:43:25,30-040-0653,Toys,$333.92,57169,Mastercard,USPS,99903570176321
1000526154,2016-08-16 07:14:10,21-165-8055,Sports,$1430.48,81332,Amex,USPS,99964326383935
1000718106,2015-09-03 17:33:33,79-939-4498,Industrial,$1313.63,60148,Visa,USPS,99941120808284
1000569963,2015-04-15 19:04:31,02-743-0735,Baby,$236.71,12673,Google Checkout,Fedex,99909979641580
1000674188,2012-11-24 13:40:19,05-507-8506,Industrial,$1038.71,38668,Mastercard,Fedex,99993925286093
1000755793,2019-09-18 11:27:41,08-144-1820,Jewelery,$273.61,86236,Amex,UPS,99913423395348
1000888535,2010-07-18 03:33:56,19-679-2982,Health,$546.68,47798,Discover,UPS,99943614451350
1000633747,2019-06-21 17:54:28,23-135-2203,Movies,$335.67,71147,Discover,USPS,99901393879769
1000881430,2019-11-04 01:32:11,77-959-4850,Electronics,$698.21,46803,Google Checkout,Fedex,99966773799598
1000574656,2018-10-27 04:32:46,83-733-8103,Beauty,$470.20,77963,Paypal,Fedex,99995775762853
1000634357,2019-01-28 04:01:10,25-171-1117,Music,$164.50,70166,Paypal,USPS,99947939969653
1000693968,2011-09-12 08:38:12,66-133-7609,Garden,$337.81,11575,Paypal,UPS,99933846300614
1000565160,2019-07-22 00:27:39,84-161-0692,Toys,$500.41,29060,Paypal,Fedex,99922963507570
1000688378,2012-03-22 11:52:13,81-051-3757,Shoes,$1287.51,56531,Discover,Fedex,99966100263920
1000601850,2017-12-31 13:49:10,57-570-2377,Tools,$427.60,50043,Mastercard,Fedex,99965165547767
1000695058,2013-10-09 01:41:10,31-732-9453,Industrial,$815.79,60097,Visa,Fedex,99994974220764
1000860059,2019-10-17 09:36:01,28-933-0683,Garden,$284.24,26268,Amex,UPS,99952502036559
1000634884,2011-04-26 09:24:56,29-985-6127,Garden,$1272.72,61995,Amazon Checkout,Fedex,99973967066606
1000728811,2011-01-13 02:46:48,19-312-5418,Movies,$583.48,11529,Visa,USPS,99950132440603
1000642109,2011-11-16 11:43:43,65-782-7881,Computers,$584.14,37877,Google Checkout,UPS,99988620554023
1000591318,2014-01-21 18:30:36,01-739-9196,Grocery,$1050.53,38877,Visa,USPS,99991353893849
1000681352,2011-01-15 04:54:29,40-400-6689,Sports,$210.42,38978,Mastercard,Fedex,99915894487772
1000522637,2019-05-07 15:18:47,81-017-8062,Kids,$1049.48,20319,Mastercard,UPS,99935497363535
1000539675,2018-01-04 03:58:16,56-972-6550,Industrial,$786.95,72598,Visa,USPS,99952301223604
1000512777,2011-03-24 22:18:07,52-996-7315,Computers,$406.10,78318,Discover,Fedex,99909640639445
1000552730,2014-01-24 15:50:40,42-044-9514,Tools,$238.61,38654,Mastercard,UPS,99919498855013
1000832203,2013-09-28 22:42:32,39-921-7987,Computers,$767.13,34876,Amex,USPS,99999410807038
1000756515,2016-08-02 20:01:52,88-841-1104,Games,$448.56,89665,Google Checkout,USPS,99956926610410
1000592794,2015-10-07 02:33:59,60-002-6662,Baby,$107.26,59611,Mastercard,USPS,99938156929665
1000870682,2012-06-18 03:47:18,39-645-8232,Computers,$222.73,58219,Google Checkout,UPS,99967385467276
1000609408,2013-12-13 13:55:05,99-811-2271,Industrial,$1453.60,41847,Paypal,USPS,99965580963105
1000862615,2019-05-23 07:19:34,26-725-3562,Industrial,$907.03,71306,Paypal,Fedex,99990140933040
1000529830,2014-06-19 01:41:02,46-323-4151,Games,$488.39,33100,Visa,USPS,99998615164810
1000704585,2015-05-06 03:13:47,69-243-1996,Home,$895.90,44173,Amazon Checkout,Fedex,99975626357422
1000804558,2013-11-21 23:30:50,54-599-2258,Movies,$1323.14,12885,Mastercard,UPS,99929650968653
1000550548,2011-11-13 10:02:53,59-691-3653,Jewelery,$587.48,36318,Discover,USPS,99924425220071
1000714358,2012-03-31 02:06:18,55-819-4961,Clothing,$756.72,62864,Discover,USPS,99983345323209
1000562007,2018-09-30 14:03:14,69-943-2525,Baby,$592.02,70110,Amazon Checkout,Fedex,99971818033339
1000559852,2018-04-07 11:51:34,59-488-6644,Automotive,$1413.28,74518,Paypal,UPS,99932482430813
1000792853,2018-09-09 05:22:50,53-545-3150,Baby,$592.18,64905,Mastercard,USPS,99930759432561
1000543295,2012-12-22 01:13:15,47-027-2226,Shoes,$949.46,83961,Amex,USPS,99944762814778
1000655095,2019-02-17 11:38:16,42-775-4949,Kids,$996.09,84326,Google Checkout,UPS,99906525508870
1000577489,2016-04-30 18:44:26,18-826-2284,Home,$156.63,14676,Amex,Fedex,99906458154051
1000649370,2010-09-30 01:47:39,97-216-4986,Computers,$1317.83,84006,Mastercard,USPS,99949966000316
1000772674,2013-01-22 07:43:39,31-221-0924,Beauty,$580.48,24486,Mastercard,USPS,99946619311649
1000556613,2014-07-13 05:34:54,74-658-9616,Sports,$1486.75,55893,Visa,Fedex,99981786224520
1000700954,2014-05-17 18:23:35,92-870-0075,Automotive,$797.41,56583,Google Checkout,Fedex,99935292973530
1000697432,2017-04-27 11:28:54,55-436-6939,Baby,$1091.47,24956,Paypal,UPS,99919955250103
1000563532,2013-03-11 07:36:56,12-986-2744,Computers,$518.07,51539,Amazon Checkout,Fedex,99948510660494
1000739748,2012-05-22 01:06:01,76-247-6401,Sports,$516.00,76483,Discover,USPS,99994172283291
1000587089,2017-07-21 23:33:42,15-957-2573,Baby,$178.48,74860,Paypal,Fedex,99947261523171
1000657040,2019-07-06 01:25:48,89-921-0784,Games,$98.20,38206,Amazon Checkout,USPS,99914367690878
1000559241,2015-01-17 21:08:21,19-726-0687,Shoes,$809.88,85855,Google Checkout,Fedex,99957080580708
1000571832,2011-03-29 14:14:45,25-193-7667,Books,$1077.43,41818,Visa,Fedex,99902993364039
1000553465,2017-03-10 04:47:27,95-708-0856,Grocery,$1283.48,89336,Discover,Fedex,99995567627605
1000507919,2010-10-18 23:56:21,40-139-7955,Books,$276.34,79716,Discover,USPS,99947327131932
1000557546,2017-12-27 21:15:17,64-511-8673,Books,$374.24,41506,Google Checkout,Fedex,99923601475301
1000646055,2020-03-29 05:58:01,44-451-4077,Beauty,$1407.90,79908,Google Checkout,USPS,99983885568058
1000846791,2018-12-12 19:00:40,91-220-3028,Grocery,$879.34,17001,Mastercard,USPS,99976121390698
1000665846,2011-10-14 02:04:46,30-898-4113,Baby,$293.78,46083,Paypal,Fedex,99912958707164
1000872225,2016-03-23 15:40:13,76-148-7722,Tools,$842.58,41908,Discover,USPS,99941825230093
1000620291,2017-09-14 21:36:06,79-788-3670,Tools,$1041.52,15149,Discover,Fedex,99911287144539
1000608091,2019-03-28 09:30:43,04-730-9723,Baby,$880.03,82357,Amazon Checkout,Fedex,99992698920647
1000752900,2014-02-11 15:31:12,34-837-4524,Electronics,$527.83,88610,Mastercard,USPS,99954375257458
1000577471,2013-10-07 13:58:11,21-118-9654,Shoes,$1233.56,59465,Visa,UPS,99993163872479
1000674481,2014-03-26 21:48:47,59-951-5852,Industrial,$414.83,85767,Paypal,USPS,99914113715609
1000553559,2014-05-30 20:07:12,94-151-6969,Clothing,$1187.69,40219,Paypal,Fedex,99922373528334
1000703646,2013-11-01 04:22:34,62-858-3037,Sports,$1498.34,31196,Discover,Fedex,99972477891771
1000522414,2013-12-23 01:56:32,31-189-1020,Music,$1472.19,69878,Mastercard,USPS,99972742092694
1000621621,2015-11-28 18:39:49,81-064-1325,Toys,$289.61,26832,Google Checkout,UPS,99914318405238
1000661661,2017-08-14 19:47:47,52-574-4166,Sports,$796.45,63033,Visa,Fedex,99969507312889
1000501409,2016-05-31 11:10:26,78-471-3585,Books,$1498.21,32655,Mastercard,UPS,99906158243948
1000647872,2019-12-10 09:11:39,22-615-6338,Beauty,$882.43,31070,Amazon Checkout,USPS,99980808194685
1000839878,2018-03-25 08:53:57,30-123-8678,Books,$518.60,74551,Paypal,UPS,99992663513817
1000729510,2011-05-22 08:30:01,83-785-5030,Clothing,$248.15,80005,Amazon Checkout,USPS,99982103757420
1000693588,2012-03-24 10:21:48,77-205-0015,Shoes,$572.78,79105,Discover,Fedex,99978865295960
1000619622,2010-08-25 19:42:18,85-980-3423,Shoes,$731.99,32804,Mastercard,Fedex,99924233386004
1000608117,2011-01-03 03:05:09,04-325-5472,Jewelery,$1056.54,16293,Amex,Fedex,99988145408938
1000849390,2018-05-06 22:16:57,58-928-9361,Music,$244.41,76770,Paypal,UPS,99958577459526
1000804485,2014-06-29 22:53:31,91-769-3700,Electronics,$1069.07,54403,Visa,UPS,99959934443287
1000649323,2011-07-20 00:21:50,60-672-2227,Games,$1340.62,22458,Mastercard,Fedex,99958141399889
1000818096,2019-10-11 23:09:42,99-462-3459,Toys,$864.35,57684,Visa,Fedex,99949095487672
1000823071,2014-09-13 04:53:13,16-593-5741,Automotive,$1430.53,25449,Visa,USPS,99919927423651
1000792065,2015-12-16 17:39:04,03-239-4038,Home,$556.23,87612,Visa,Fedex,99923019111088
1000662560,2017-07-06 20:34:30,57-534-5432,Tools,$923.46,66718,Amazon Checkout,Fedex,99958981764690
1000508986,2014-09-02 03:15:04,44-954-7259,Industrial,$836.00,39441,Amazon Checkout,USPS,99975309020753
1000784134,2017-07-03 09:27:24,34-761-8251,Music,$489.83,38772,Visa,Fedex,99946291197380
1000504340,2011-06-26 17:03:43,56-069-0274,Computers,$595.12,41388,Google Checkout,USPS,99956211023539
1000803162,2014-04-21 14:08:24,66-447-7229,Sports,$1249.64,55877,Google Checkout,USPS,99981019433953
1000563734,2012-01-17 03:38:24,44-941-2691,Sports,$244.49,75530,Amex,UPS,99943344914947
1000602648,2016-01-19 13:51:22,11-936-3703,Music,$736.84,26624,Amazon Checkout,Fedex,99994474108885
1000732697,2013-06-24 17:06:12,00-603-9492,Automotive,$310.11,59980,Visa,USPS,99983051174931
1000758551,2016-03-02 11:18:02,57-114-1757,Beauty,$425.22,75698,Mastercard,USPS,99907567101882
1000668548,2014-07-21 01:19:06,03-272-3659,Toys,$507.61,13404,Mastercard,UPS,99916953364191
1000879306,2012-10-20 01:15:51,34-247-5415,Garden,$1105.09,38445,Visa,Fedex,99982141029377
1000776421,2014-04-14 19:58:28,75-559-9670,Baby,$1049.70,18926,Paypal,Fedex,99999893436484
1000516478,2013-09-24 06:12:30,33-148-4606,Health,$341.78,46054,Amazon Checkout,USPS,99981131044961
1000865570,2015-05-18 01:14:50,18-160-2566,Games,$1205.70,64814,Visa,Fedex,99914537327472
1000879017,2018-03-13 13:53:48,73-666-4793,Automotive,$336.11,57287,Google Checkout,UPS,99984427780124
1000590219,2011-02-17 07:55:34,03-276-8496,Toys,$757.15,44708,Discover,USPS,99911826985852
1000648438,2019-11-07 14:31:20,99-823-8787,Sports,$1088.90,32885,Amex,USPS,99906034026253
1000681830,2016-11-27 13:07:10,18-986-4818,Electronics,$669.43,83298,Paypal,USPS,99910117849559
1000877903,2019-05-27 10:07:20,27-206-7270,Garden,$120.65,30023,Discover,Fedex,99962330026622
1000537604,2019-09-26 19:01:43,77-262-9935,Electronics,$1259.58,41464,Amazon Checkout,UPS,99934488943700
1000720587,2012-07-22 15:21:43,91-277-7611,Movies,$1062.44,10770,Amazon Checkout,Fedex,99920643568246
1000796193,2017-08-29 16:43:49,44-897-8083,Grocery,$1126.05,24872,Amazon Checkout,USPS,99929143731449
1000869178,2017-07-14 12:02:17,34-431-1360,Games,$812.17,85217,Paypal,USPS,99937419979216
1000609778,2018-06-29 12:49:11,90-833-9225,Books,$70.83,74769,Mastercard,USPS,99932120679771
1000564568,2013-05-18 00:47:02,64-461-8658,Books,$122.54,72439,Mastercard,Fedex,99999492407120
1000778723,2011-05-30 09:16:13,83-729-7078,Baby,$733.55,50410,Paypal,Fedex,99976302831909
1000745763,2016-05-05 08:49:37,27-137-3812,Clothing,$80.25,86807,Amex,Fedex,99939061792832
1000767676,2013-12-04 13:16:35,57-808-1955,Health,$1107.88,77598,Mastercard,Fedex,99926287317181
1000859012,2011-11-27 13:24:19,39-434-3123,Electronics,$764.29,62032,Mastercard,UPS,99908682596372
1000668124,2016-06-26 09:23:31,77-045-0804,Shoes,$425.28,54214,Amex,Fedex,99970095978198
1000758876,2012-12-22 18:00:27,69-176-3864,Outdoors,$422.35,78295,Paypal,USPS,99945046485649
1000627165,2010-09-16 19:54:47,04-970-0529,Computers,$812.09,71242,Google Checkout,UPS,99941613858341
1000747182,2011-06-08 16:59:34,62-847-2429,Computers,$661.51,77095,Mastercard,Fedex,99983123569406
1000800546,2015-11-27 02:12:34,62-382-8497,Grocery,$1092.08,21827,Paypal,UPS,99992208961972
1000872565,2011-08-24 02:31:29,98-809-1217,Toys,$829.15,25264,Mastercard,Fedex,99930637231471
1000756624,2014-01-16 11:10:02,08-647-9548,Baby,$267.32,58393,Amex,USPS,99934190217405
1000665899,2014-08-31 10:00:30,02-814-3391,Computers,$1191.80,71433,Google Checkout,Fedex,99917033234533
1000831085,2016-07-04 01:14:01,54-850-4095,Jewelery,$768.67,21101,Amazon Checkout,USPS,99920641228801
1000752958,2013-02-14 09:35:40,22-737-3953,Jewelery,$349.47,49564,Paypal,Fedex,99967798313977
1000728376,2011-06-13 13:50:32,31-904-4789,Baby,$536.89,23632,Amex,UPS,99965673403746
1000711944,2011-08-20 13:12:52,75-666-4557,Games,$814.65,44780,Discover,UPS,99943386272239
1000889219,2018-09-18 04:19:14,42-191-0792,Games,$1088.79,15390,Mastercard,Fedex,99945565199313
1000896729,2011-02-13 04:08:01,68-351-6034,Baby,$1311.73,79643,Amex,USPS,99913275584794
1000516401,2011-07-18 12:02:54,69-254-3847,Computers,$59.77,39941,Visa,USPS,99974999602771
1000810769,2020-04-11 10:13:08,20-386-2192,Games,$1109.36,63920,Amazon Checkout,Fedex,99922635545763
1000519196,2012-12-07 23:08:57,53-383-6153,Grocery,$1231.76,73128,Paypal,Fedex,99929325870712
1000825606,2015-11-29 06:42:41,95-672-6582,Beauty,$830.11,54964,Paypal,UPS,99973768736022
1000735573,2016-07-25 08:24:07,01-619-1154,Clothing,$322.09,31760,Visa,Fedex,99965960254456
1000794477,2017-12-30 17:04:50,59-255-4743,Tools,$1197.95,41430,Visa,UPS,99930889112918
1000718755,2017-03-03 19:19:47,51-815-9146,Outdoors,$61.43,39528,Amex,Fedex,99950348687588
1000895885,2011-12-23 17:28:07,04-255-6710,Jewelery,$1079.04,23242,Google Checkout,Fedex,99978141122876
1000796013,2012-08-21 17:00:20,25-018-0594,Garden,$451.55,16412,Amex,Fedex,99982278358704
1000515020,2019-05-10 20:31:30,60-452-3892,Electronics,$261.34,87893,Mastercard,UPS,99975729947348
1000544538,2012-09-28 10:37:50,41-146-0277,Electronics,$110.25,24001,Google Checkout,Fedex,99981664605456
1000878915,2018-07-15 23:43:56,02-207-7547,Health,$319.99,23689,Visa,UPS,99908797702629
1000695730,2018-11-09 19:29:44,13-241-0696,Electronics,$1246.82,28031,Paypal,UPS,99960312131943
1000740270,2015-12-29 15:03:14,07-939-2913,Clothing,$819.80,19087,Paypal,Fedex,99970019304253
1000551630,2010-07-13 19:21:21,04-840-4943,Home,$919.73,87830,Google Checkout,UPS,99909063604610
1000617242,2011-02-06 12:39:45,17-548-0459,Toys,$1013.59,26480,Google Checkout,USPS,99962500277471
1000844849,2012-08-27 11:03:06,75-908-4427,Toys,$1195.30,47079,Mastercard,USPS,99936126592785
1000802065,2014-10-23 14:09:40,27-619-3493,Clothing,$1361.01,41865,Mastercard,USPS,99968400749809
1000824907,2014-03-10 22:44:02,36-760-9235,Computers,$236.41,65170,Paypal,Fedex,99906087102689
1000769331,2015-12-28 06:37:47,88-254-0518,Outdoors,$977.35,12923,Mastercard,USPS,99983410078409
1000876275,2011-06-19 05:08:57,42-644-1449,Baby,$1492.37,42405,Amex,USPS,99903379638006
1000599736,2019-11-07 12:25:43,57-088-4891,Automotive,$974.03,66127,Mastercard,Fedex,99966522128574
1000561936,2018-01-25 04:17:03,93-964-6965,Clothing,$399.05,19537,Paypal,Fedex,99951704657674
1000502368,2018-06-08 06:37:05,20-321-7579,Industrial,$1070.81,71076,Google Checkout,Fedex,99990848608786
1000811818,2018-09-24 18:08:59,83-943-7116,Shoes,$487.78,30672,Amex,Fedex,99910051346723
1000892226,2020-05-05 23:02:09,89-457-1682,Industrial,$965.08,57172,Amex,UPS,99987806464073
1000623071,2017-12-31 22:50:19,41-162-7211,Toys,$588.55,65822,Google Checkout,USPS,99986723175749
1000551857,2013-01-04 12:55:47,37-196-6995,Industrial,$328.89,22202,Amex,UPS,99971960360943
1000540016,2014-10-02 02:30:47,37-480-3862,Industrial,$1398.64,49486,Paypal,UPS,99988319617455
1000602003,2013-02-22 13:52:46,68-422-1862,Garden,$1335.94,70529,Paypal,Fedex,99929699311174
1000668917,2016-01-14 08:58:21,30-946-5721,Garden,$1187.29,42444,Google Checkout,Fedex,99924427607004
1000816782,2019-08-16 08:04:04,65-785-8270,Computers,$687.77,50225,Amex,USPS,99990519274770
1000555131,2017-04-09 20:19:32,89-982-7309,Home,$395.06,89802,Visa,Fedex,99977267366526
1000565300,2010-10-07 02:27:16,43-771-8618,Clothing,$1063.55,37538,Amex,UPS,99928840776717
1000740040,2017-05-20 07:21:58,92-809-9491,Sports,$230.85,52301,Amazon Checkout,USPS,99956757824685
1000667068,2012-02-09 20:15:02,72-051-5374,Movies,$1310.04,57656,Paypal,Fedex,99919308128968
1000575413,2012-09-16 04:12:49,39-045-5399,Industrial,$52.05,86808,Visa,USPS,99920787088990
1000624227,2017-04-09 14:16:36,80-959-0517,Books,$1257.71,46527,Amex,USPS,99923298618169
1000619148,2017-10-25 04:50:27,31-456-1712,Grocery,$1342.46,55536,Discover,UPS,99975803634227
1000870211,2016-11-13 13:35:27,87-572-1268,Garden,$1166.01,40508,Google Checkout,UPS,99974381823313
1000558195,2016-09-01 01:02:33,12-131-4872,Movies,$537.64,53652,Mastercard,Fedex,99973224473115
1000693005,2012-02-24 15:36:01,88-114-5841,Jewelery,$893.52,48447,Mastercard,Fedex,99903560856748
1000692133,2014-11-28 09:39:48,72-368-4538,Garden,$109.52,39437,Google Checkout,Fedex,99986488091725
1000524415,2011-03-18 08:50:22,82-757-8328,Tools,$1364.69,70770,Amex,UPS,99910051356235
1000655715,2019-01-14 11:16:52,61-574-0962,Garden,$614.58,53566,Google Checkout,USPS,99915873348328
1000811838,2016-07-06 07:20:40,61-003-7068,Computers,$1305.08,69592,Google Checkout,USPS,99922548911016
1000833540,2016-03-13 12:50:52,56-530-1130,Health,$695.79,61795,Discover,UPS,99985948552117
1000752967,2019-03-30 04:29:44,48-834-9976,Outdoors,$1368.60,30094,Paypal,UPS,99974825714286
1000714812,2013-02-15 14:11:41,74-507-9751,Clothing,$1387.42,79193,Amex,UPS,99934047036512
1000796598,2017-09-03 04:32:16,74-730-2398,Tools,$576.05,65517,Google Checkout,UPS,99934594470985
1000635067,2018-02-13 13:22:36,57-417-2486,Automotive,$1092.87,22703,Paypal,Fedex,99978386333799
1000533259,2019-08-01 17:17:04,75-897-7347,Toys,$619.18,49528,Amazon Checkout,UPS,99976982477541
1000764459,2016-05-12 13:16:25,47-343-7806,Health,$918.68,44419,Mastercard,USPS,99976933190815
1000764640,2019-06-25 15:52:53,60-270-2327,Outdoors,$1224.27,19902,Amazon Checkout,Fedex,99953974911973
1000573609,2018-06-01 02:13:40,23-402-4784,Kids,$436.61,84586,Paypal,Fedex,99927153717350
1000821031,2013-09-23 08:55:45,16-812-3950,Home,$678.54,18562,Amazon Checkout,Fedex,99939631778821
1000882980,2014-01-23 09:43:49,55-139-9497,Jewelery,$916.15,54824,Discover,UPS,99979598941856
1000568434,2012-08-22 14:20:32,11-758-0992,Automotive,$1055.69,59998,Google Checkout,USPS,99940627265917
1000811015,2014-04-04 04:18:45,36-928-8324,Jewelery,$955.26,22423,Visa,USPS,99988615225075
1000551156,2016-08-15 04:22:25,19-742-5953,Industrial,$991.88,74604,Amex,Fedex,99942286941207
1000784097,2010-08-19 15:38:17,36-815-5212,Tools,$79.29,26852,Amex,UPS,99940689607148
1000892851,2017-03-20 02:07:54,42-272-6779,Outdoors,$827.97,57746,Visa,USPS,99920712120260
1000571826,2014-02-22 03:44:44,38-825-0574,Sports,$1070.01,21543,Google Checkout,Fedex,99953320902863
1000789764,2019-12-27 12:24:41,43-145-7904,Books,$1494.92,77452,Amazon Checkout,USPS,99907259437963
1000695606,2018-05-20 22:59:15,80-630-3364,Outdoors,$261.74,46810,Amazon Checkout,Fedex,99941816698852
1000747410,2017-03-20 20:31:07,55-358-6303,Home,$943.79,56000,Google Checkout,USPS,99913927702770
1000753745,2020-06-15 04:47:03,56-161-1745,Grocery,$914.15,22725,Google Checkout,USPS,99906365523943
1000543145,2016-11-18 14:44:28,38-729-6715,Shoes,$712.69,31859,Visa,Fedex,99965767773838
1000634211,2014-09-09 05:17:19,29-819-9458,Toys,$1469.99,33605,Google Checkout,USPS,99935885221842
1000812545,2017-07-15 09:20:14,51-814-9231,Jewelery,$1182.12,87599,Discover,USPS,99959332102968
1000888825,2013-06-21 02:52:43,74-452-4279,Electronics,$67.84,34156,Discover,Fedex,99901701779945
1000726400,2018-06-12 01:00:27,50-733-5789,Grocery,$912.54,39034,Discover,UPS,99913289418155
1000599602,2012-05-07 19:43:44,24-882-2718,Grocery,$1222.24,11000,Amazon Checkout,USPS,99973573154620
1000541985,2016-07-22 10:10:34,54-431-0494,Electronics,$331.54,50830,Visa,Fedex,99904389478052
1000776480,2019-11-12 14:07:13,45-229-7053,Beauty,$448.99,56460,Amazon Checkout,USPS,99901934791306
1000530822,2016-10-26 07:35:27,61-974-5690,Clothing,$804.46,84307,Mastercard,UPS,99981830372852
1000612239,2010-08-03 03:57:19,80-060-9813,Books,$768.63,84320,Visa,Fedex,99911017528743
1000751061,2013-06-03 15:59:48,89-823-3217,Baby,$881.69,51375,Google Checkout,UPS,99927807475417
1000800793,2019-12-23 11:41:53,47-671-7692,Sports,$669.66,81838,Discover,USPS,99967952191573
1000779637,2013-08-17 14:21:21,76-945-9611,Books,$1206.69,78696,Visa,USPS,99986789135579
1000846435,2016-08-10 03:46:26,96-831-9914,Tools,$1307.28,69676,Amazon Checkout,USPS,99900431666954
1000897468,2019-01-29 15:46:25,77-950-9871,Movies,$741.74,85687,Google Checkout,UPS,99957470971365
1000831267,2011-05-23 22:27:34,55-014-6463,Beauty,$636.50,47919,Amex,USPS,99920128117995
1000540635,2014-10-24 06:34:09,12-636-5960,Music,$1015.69,38039,Amex,UPS,99969225287754
1000611949,2018-03-08 04:43:27,23-962-4793,Outdoors,$286.70,47870,Visa,UPS,99900189812074
1000511266,2018-01-19 11:36:40,31-485-6922,Shoes,$182.34,56628,Google Checkout,UPS,99943651101723
1000759643,2014-05-25 19:06:05,81-760-8436,Outdoors,$1239.80,64918,Paypal,Fedex,99935733195080
1000690127,2018-03-08 05:06:02,97-824-4079,Health,$1218.34,78625,Visa,UPS,99996109309899
1000687807,2015-12-07 15:57:47,76-583-6542,Computers,$975.61,40678,Paypal,UPS,99946561745246
1000752810,2012-07-23 12:33:12,54-844-9781,Toys,$184.20,13687,Amazon Checkout,Fedex,99981649956646
1000730830,2017-06-26 15:49:41,04-069-1136,Games,$1279.83,72561,Amex,UPS,99975123393080
1000576856,2015-04-27 10:08:58,52-769-9252,Shoes,$818.38,73572,Google Checkout,UPS,99930835980419
1000793078,2019-08-01 17:58:50,33-825-5593,Industrial,$217.37,45599,Discover,USPS,99934545562865
1000661037,2010-11-11 21:04:44,20-720-9442,Home,$941.90,76578,Visa,UPS,99925972224254
1000548369,2014-12-14 00:18:40,85-191-5682,Kids,$58.05,23014,Mastercard,Fedex,99956973297144
1000577144,2015-03-14 10:32:43,25-541-8196,Clothing,$1097.85,60377,Mastercard,UPS,99932226392915
1000762950,2016-04-29 15:09:15,80-067-7307,Beauty,$551.51,41810,Amazon Checkout,UPS,99909495073363
1000843236,2017-06-04 16:49:38,78-028-0985,Clothing,$490.09,28036,Google Checkout,USPS,99905573400594
1000575872,2019-07-30 11:00:19,83-274-3340,Tools,$583.80,50955,Amazon Checkout,USPS,99955612267262
1000576478,2016-08-20 01:04:37,41-952-2294,Grocery,$185.56,76466,Discover,Fedex,99932363554054
1000840031,2014-09-10 17:04:02,76-862-3280,Health,$994.97,77257,Amex,USPS,99924912898500
1000823809,2020-02-04 05:36:10,06-587-1723,Movies,$833.60,54266,Google Checkout,UPS,99905756697879
1000855685,2020-01-05 00:28:49,99-136-3805,Books,$1036.20,84673,Amex,UPS,99902181499701
1000835159,2010-11-03 16:48:08,42-649-6053,Clothing,$117.78,14129,Amazon Checkout,USPS,99971055506469
1000706219,2014-11-07 12:09:52,23-814-8209,Outdoors,$616.04,54746,Google Checkout,UPS,99963791470497
1000871287,2015-02-19 19:42:04,29-634-2469,Outdoors,$704.94,79340,Amazon Checkout,Fedex,99971511051026
1000637731,2014-06-10 07:58:29,46-991-2753,Garden,$275.94,23031,Visa,Fedex,99918748151293
1000807537,2013-11-27 12:16:19,38-431-1683,Clothing,$783.81,10521,Visa,USPS,99962996295384
1000856780,2018-05-08 09:18:45,77-020-6302,Games,$1135.89,84398,Visa,UPS,99933261860663
1000774629,2012-06-17 01:52:36,90-621-5672,Health,$1155.43,57957,Paypal,Fedex,99996687375275
1000568264,2017-03-26 13:32:55,08-230-9383,Home,$338.63,54542,Mastercard,USPS,99917829562269
1000613394,2010-09-20 17:48:00,49-818-6511,Games,$377.11,44909,Google Checkout,Fedex,99956367072234
1000872322,2012-06-30 02:21:53,69-729-8673,Sports,$402.28,54503,Google Checkout,Fedex,99959107044673
1000613767,2011-08-18 07:07:56,51-419-9541,Kids,$480.25,55163,Paypal,UPS,99921504336569
1000882840,2016-08-21 20:46:45,88-467-3368,Outdoors,$1476.64,33851,Mastercard,UPS,99906940067656
1000580072,2018-08-20 03:07:19,03-932-9848,Toys,$650.96,80533,Visa,USPS,99969641794804
1000679554,2011-05-05 21:41:42,71-241-3287,Books,$290.12,49799,Amazon Checkout,UPS,99965186006487
1000529466,2014-11-01 19:09:40,22-042-7671,Industrial,$79.88,31256,Visa,Fedex,99977285756926
1000851200,2018-08-06 05:02:45,13-543-9132,Health,$1214.91,53600,Discover,Fedex,99959517047719
1000666001,2015-04-10 23:55:59,86-264-1587,Beauty,$758.85,16881,Discover,UPS,99905707578799
1000718697,2019-07-22 08:27:50,67-197-7196,Tools,$244.61,56038,Paypal,UPS,99932459383975
1000855079,2019-02-14 01:11:06,90-571-0012,Outdoors,$1354.48,25458,Google Checkout,Fedex,99968993094186
1000542850,2019-05-14 04:12:40,86-396-7545,Computers,$1107.68,55044,Discover,USPS,99914146821882
1000686344,2011-02-12 06:42:20,39-644-3691,Electronics,$72.07,71041,Discover,USPS,99955139090401
1000790972,2014-11-04 22:09:30,95-860-0966,Health,$348.18,35613,Google Checkout,Fedex,99988943625906
1000615351,2011-02-17 12:16:51,67-467-6995,Jewelery,$431.22,71366,Mastercard,UPS,99941920018929
1000820317,2018-02-09 09:42:13,05-748-6500,Sports,$987.51,50916,Amazon Checkout,Fedex,99929864088786
1000824495,2016-11-02 07:12:44,31-967-4429,Health,$1058.47,46710,Discover,Fedex,99982859513269
1000842978,2015-05-13 07:23:21,22-436-3098,Garden,$1458.63,51288,Visa,Fedex,99966913161521
1000669199,2012-01-05 03:26:06,66-256-4353,Tools,$1468.34,70644,Amex,UPS,99965598022999
1000584736,2018-03-07 07:10:15,46-177-9936,Automotive,$851.36,45875,Paypal,UPS,99922968841429
1000543871,2016-02-07 01:26:32,85-605-6101,Garden,$747.12,12672,Discover,USPS,99967457220877
1000743388,2018-04-06 16:30:56,71-496-6614,Games,$1233.03,29760,Amex,Fedex,99910341665262
1000698064,2017-11-01 05:59:39,39-768-8086,Garden,$884.94,83109,Mastercard,UPS,99984114093908
1000659495,2016-10-22 23:19:40,66-588-7264,Movies,$1439.53,88262,Google Checkout,UPS,99947525500800
1000838107,2013-03-12 10:22:46,83-233-8106,Automotive,$1427.84,34750,Paypal,USPS,99978533773370
1000760414,2019-08-03 11:59:22,28-084-7115,Home,$979.84,64817,Google Checkout,UPS,99966002527701
1000567220,2018-10-24 12:08:46,19-252-5229,Music,$513.26,32410,Paypal,USPS,99912292706931
1000725856,2016-03-08 11:40:05,28-345-4014,Outdoors,$311.92,17037,Amex,UPS,99962737832681
1000685023,2011-08-23 14:10:57,37-977-4464,Computers,$1301.99,80795,Mastercard,Fedex,99930211227831
1000802140,2014-12-25 12:49:51,11-391-9856,Sports,$977.07,63842,Amazon Checkout,Fedex,99900754754307
1000741894,2015-03-23 23:16:12,89-713-6080,Industrial,$767.70,47573,Google Checkout,USPS,99926296677979
1000560958,2017-08-13 20:02:38,79-782-6615,Beauty,$1001.74,42196,Google Checkout,USPS,99916393389362
1000872701,2012-02-25 08:11:40,97-546-3995,Beauty,$253.83,23683,Google Checkout,Fedex,99906660283529
1000694040,2019-06-04 13:52:34,59-782-1341,Baby,$1092.80,68458,Google Checkout,USPS,99909502622365
1000758367,2011-09-05 13:38:33,84-839-5310,Electronics,$687.04,84639,Discover,Fedex,99958349954636
1000782475,2018-06-06 02:55:27,86-377-5090,Games,$1352.42,75054,Amex,Fedex,99921873020674
1000853457,2014-08-31 01:04:04,49-757-1700,Electronics,$1337.62,56306,Discover,USPS,99951553473719
1000583118,2017-06-28 15:19:52,73-921-1104,Shoes,$338.54,35860,Paypal,USPS,99944904303081
1000561393,2017-03-12 05:12:54,59-547-0153,Shoes,$315.25,53999,Mastercard,UPS,99979253633005
1000568543,2014-11-28 18:43:19,13-760-1204,Sports,$181.44,53378,Visa,USPS,99933255563948
1000516784,2015-07-01 10:38:39,34-454-0496,Home,$603.83,77980,Google Checkout,Fedex,99986784622045
1000871128,2018-02-26 19:41:51,55-235-0613,Grocery,$259.24,11546,Visa,USPS,99975292172150
1000545813,2013-08-05 12:53:28,83-090-9407,Garden,$1333.06,17186,Amazon Checkout,Fedex,99993443921954
1000604841,2014-04-20 15:34:47,39-391-4652,Industrial,$835.53,71171,Amazon Checkout,Fedex,99986281948520
1000602775,2010-08-01 08:53:31,51-220-2754,Health,$454.50,31780,Google Checkout,Fedex,99910192045278
1000592747,2013-08-17 02:21:19,35-515-9191,Automotive,$680.91,25873,Discover,UPS,99986475613090
1000783624,2010-10-03 06:38:04,64-041-8791,Tools,$436.96,56139,Visa,USPS,99967743979654
1000561692,2011-09-24 21:50:59,87-194-9678,Outdoors,$1309.37,49500,Google Checkout,Fedex,99908455919279
1000842631,2010-11-12 19:32:53,36-202-4675,Sports,$1005.11,19388,Amazon Checkout,USPS,99912725991663
1000816072,2019-08-06 22:12:49,22-525-7767,Industrial,$511.12,83648,Visa,UPS,99903364458567
1000648511,2016-07-13 06:27:12,33-867-8745,Outdoors,$1397.56,87957,Paypal,Fedex,99905279829385
1000849293,2018-06-05 14:33:16,01-765-9288,Shoes,$1142.21,18189,Paypal,Fedex,99942440942430
1000769564,2015-12-30 17:26:00,66-316-1068,Tools,$313.68,34847,Google Checkout,Fedex,99927035783002
1000881696,2018-01-14 16:00:13,66-542-8117,Outdoors,$1267.94,81673,Visa,UPS,99988453981560
1000574130,2013-11-26 02:03:09,37-593-9624,Books,$920.83,82425,Mastercard,UPS,99959451532522
1000669002,2016-11-01 18:16:54,22-912-2626,Music,$1154.84,44735,Amex,UPS,99973348239511
1000764000,2013-11-09 00:13:31,00-529-3650,Electronics,$292.03,13736,Amex,Fedex,99996702717049
1000577590,2012-07-15 17:26:16,88-377-5785,Automotive,$270.25,60037,Google Checkout,USPS,99957332225281
1000809485,2013-10-17 13:54:24,83-061-6459,Home,$220.03,31474,Mastercard,Fedex,99903906169247
1000836184,2018-03-01 19:50:22,73-007-2522,Computers,$1335.52,20149,Discover,UPS,99993138184488
1000846239,2019-06-25 16:26:04,26-706-4607,Games,$1035.49,60025,Amazon Checkout,Fedex,99905012025969
1000626464,2019-06-06 04:07:37,38-469-0962,Books,$756.57,53219,Discover,Fedex,99953654174377
1000529222,2013-03-29 19:03:53,61-954-1808,Health,$626.14,79712,Google Checkout,UPS,99974926439490
1000748183,2016-08-04 19:02:50,64-661-1011,Sports,$1428.70,77822,Google Checkout,Fedex,99932838771334
1000896857,2015-11-03 15:54:01,17-998-5342,Games,$534.30,56994,Paypal,USPS,99929308389846
1000619127,2010-11-02 08:52:13,49-336-6501,Toys,$964.59,24476,Google Checkout,Fedex,99930076919802
1000811301,2017-04-24 20:11:10,77-425-3726,Movies,$1108.54,20268,Amazon Checkout,USPS,99997199725646
1000795695,2011-09-10 08:35:20,99-379-0130,Electronics,$350.53,78984,Amazon Checkout,UPS,99937337392853
1000696803,2017-05-27 09:46:50,64-873-9429,Beauty,$1407.72,30850,Google Checkout,UPS,99968703417517
1000860067,2016-03-25 03:42:36,40-995-5234,Outdoors,$307.61,35178,Discover,USPS,99945151493201
1000516019,2016-08-09 15:01:55,11-691-6525,Books,$1111.49,52461,Discover,UPS,99993848385697
1000504534,2013-05-26 04:17:34,06-605-1988,Outdoors,$364.47,37583,Discover,Fedex,99949485547189
1000813726,2011-08-29 16:57:16,80-377-0595,Books,$1123.48,61574,Discover,UPS,99924173231617
1000534524,2019-09-14 01:35:20,70-113-9935,Tools,$405.68,62958,Mastercard,Fedex,99933800705189
1000519973,2010-11-28 04:40:22,25-780-4726,Garden,$984.10,40940,Discover,USPS,99956124648805
1000559935,2015-07-16 23:45:54,18-551-7476,Music,$861.78,35513,Google Checkout,UPS,99969791233348
1000627599,2017-11-22 05:04:46,65-846-9556,Music,$226.41,31198,Discover,UPS,99952901619409
1000798770,2012-08-22 19:10:14,99-325-7137,Kids,$671.39,57651,Mastercard,USPS,99919030653485
1000833628,2014-11-01 22:19:52,15-588-9931,Industrial,$737.90,26864,Discover,UPS,99950468304877
1000798598,2010-08-03 21:35:57,86-850-4897,Tools,$132.17,54335,Visa,USPS,99970816884672
1000715928,2017-09-10 07:17:57,56-258-9493,Movies,$29.06,76891,Google Checkout,Fedex,99936745915923
1000845628,2018-11-25 00:26:05,22-434-1253,Garden,$363.26,37322,Google Checkout,USPS,99986032570625
1000733086,2019-12-25 01:35:28,94-236-6181,Health,$558.13,38538,Mastercard,USPS,99980824806617
1000610249,2016-02-28 10:45:12,37-162-8118,Health,$1116.52,85893,Google Checkout,USPS,99903747556423
1000821325,2016-09-13 22:35:35,71-802-7208,Garden,$1382.89,11231,Paypal,USPS,99936504058966
1000724090,2015-03-11 13:01:32,88-314-9325,Grocery,$85.49,35842,Mastercard,UPS,99905232764763
1000807100,2014-08-09 09:52:40,38-946-0357,Jewelery,$505.16,10862,Google Checkout,UPS,99941736029516
1000617283,2012-01-03 12:05:24,33-950-5707,Industrial,$178.45,82350,Mastercard,UPS,99952131395443
1000803832,2020-02-29 13:10:54,76-537-4265,Garden,$1471.73,10684,Mastercard,UPS,99994294575032
1000791775,2018-01-01 03:39:01,62-494-1448,Beauty,$1214.85,84944,Mastercard,Fedex,99910720984144
1000861750,2011-04-16 13:15:36,62-626-4826,Home,$1161.90,60636,Google Checkout,Fedex,99973479804468
1000620951,2019-01-22 03:32:48,35-236-5744,Garden,$718.52,60994,Discover,Fedex,99940421776335
1000738610,2014-05-31 20:37:50,16-180-3842,Home,$128.23,45168,Amex,Fedex,99931287548314
1000838464,2018-03-09 19:28:54,69-818-9027,Sports,$713.46,59580,Amazon Checkout,USPS,99978498024930
1000764476,2010-08-15 20:39:53,38-297-9616,Beauty,$833.79,50711,Paypal,USPS,99929689231217
1000758995,2019-11-30 11:07:11,27-831-0743,Automotive,$98.31,67720,Google Checkout,Fedex,99964012284703
1000865974,2019-05-03 10:30:29,36-767-6131,Movies,$971.27,77749,Paypal,Fedex,99943136708346
1000876956,2019-08-06 22:35:59,49-136-4729,Movies,$427.79,78126,Visa,USPS,99997100095608
1000590349,2013-04-01 23:54:14,05-604-4008,Garden,$1344.62,49780,Google Checkout,USPS,99989774363420
1000649831,2020-01-11 15:06:07,58-723-6779,Clothing,$1160.47,59720,Amex,Fedex,99933767070973
1000662567,2013-07-03 06:48:49,18-846-8543,Kids,$1211.10,14247,Visa,UPS,99974333779588
1000551137,2012-05-15 19:10:50,17-501-6766,Shoes,$585.01,10282,Paypal,USPS,99996223948474
1000504060,2015-12-10 00:21:08,71-634-6685,Clothing,$1043.26,14756,Amazon Checkout,UPS,99981830638716
1000637249,2013-10-14 11:36:40,40-593-8770,Electronics,$568.55,65294,Amex,USPS,99976917897069
1000631297,2014-06-21 22:29:32,08-725-5918,Home,$1170.09,35400,Paypal,USPS,99937041400029
1000538054,2011-01-02 23:35:14,15-670-0009,Movies,$581.29,43966,Amex,USPS,99969779681736
1000768431,2018-07-21 22:00:35,13-950-3982,Movies,$1312.72,23691,Visa,Fedex,99983671179895
1000554942,2015-04-28 16:04:00,31-618-7243,Clothing,$538.75,28704,Discover,USPS,99912009370577
1000780608,2018-03-01 00:11:00,94-706-6137,Tools,$411.29,71955,Amex,USPS,99926621321947
1000666061,2015-10-08 08:41:13,64-590-6041,Industrial,$1480.88,76755,Amex,Fedex,99915041467961
1000519834,2019-04-06 16:38:45,04-238-6621,Health,$98.74,71787,Amex,Fedex,99982902123349
1000626927,2012-06-05 10:13:14,70-981-4493,Outdoors,$469.27,56695,Amex,UPS,99946241335569
1000657709,2014-07-11 00:12:37,83-982-4848,Beauty,$1131.97,14311,Amex,UPS,99995382812575
1000830307,2015-10-18 13:05:10,61-143-5848,Garden,$62.30,19407,Amex,USPS,99926748557173
1000563874,2013-07-21 19:18:10,96-854-1465,Sports,$1229.67,54400,Amex,USPS,99937848407856
1000730066,2017-04-19 19:26:58,44-325-9341,Jewelery,$68.92,69448,Amazon Checkout,UPS,99971885934924
1000526636,2011-05-07 05:25:04,28-639-8077,Baby,$858.42,44483,Visa,USPS,99954397087934
1000667608,2015-02-04 14:39:13,49-904-3858,Grocery,$417.61,70554,Amazon Checkout,UPS,99986829495890
1000594993,2011-10-07 05:44:59,03-146-5641,Books,$133.62,60138,Amazon Checkout,USPS,99966344797936
1000847623,2020-05-25 23:14:29,18-974-2359,Kids,$112.84,79475,Amex,Fedex,99992419205889
1000777664,2017-04-08 00:17:22,16-401-1714,Shoes,$604.07,57623,Mastercard,UPS,99975071931013
1000584458,2018-02-11 08:51:46,59-897-1368,Industrial,$458.24,63460,Mastercard,UPS,99968469458994
1000713758,2018-01-24 01:49:23,36-653-7955,Toys,$791.45,68963,Visa,USPS,99927534248489
1000770161,2012-11-23 07:52:31,59-521-0322,Music,$1209.16,10421,Visa,USPS,99943757794460
1000805898,2013-07-22 16:51:18,25-746-0031,Grocery,$938.39,88969,Amex,USPS,99957371128645
1000780618,2015-12-04 03:50:23,02-626-9185,Outdoors,$1114.14,60720,Discover,USPS,99974513402927
1000574551,2019-06-14 18:37:22,83-341-9526,Industrial,$937.61,14498,Visa,UPS,99948836445400
1000547958,2019-03-15 14:02:38,12-750-9642,Baby,$98.04,13504,Google Checkout,UPS,99967115770766
1000837649,2011-01-14 18:02:38,84-856-1121,Tools,$446.51,50648,Paypal,Fedex,99990166277659
1000873391,2019-04-27 14:48:30,01-661-9910,Jewelery,$1014.47,76022,Paypal,USPS,99936553631487
1000813634,2015-07-17 01:42:29,01-190-1502,Computers,$181.37,74579,Amex,Fedex,99926267392249
1000501475,2012-07-23 02:55:26,39-884-9136,Grocery,$267.12,62586,Mastercard,Fedex,99925368706038
1000808607,2019-01-03 19:46:54,04-631-7461,Shoes,$964.24,78104,Google Checkout,Fedex,99974916764478
1000555279,2017-12-09 06:41:37,01-261-5794,Books,$1316.51,63762,Discover,UPS,99986426281829
1000755048,2019-06-18 10:29:27,05-757-0996,Outdoors,$352.10,14363,Amex,UPS,99928911618344
1000667653,2014-07-15 11:27:30,79-666-0713,Music,$268.65,45811,Google Checkout,UPS,99901647299365
1000751668,2013-01-05 17:46:05,59-305-5782,Industrial,$970.82,56575,Mastercard,Fedex,99985338211609
1000596272,2015-05-09 22:55:26,75-950-8348,Sports,$333.51,12085,Mastercard,UPS,99943135498341
1000803350,2020-04-25 14:47:16,79-919-4729,Tools,$88.19,73393,Discover,USPS,99935146770209
1000836413,2011-05-27 08:44:29,86-501-1950,Movies,$223.04,45506,Paypal,Fedex,99974573138347
1000697590,2015-07-08 23:11:09,64-385-9511,Shoes,$772.70,47937,Discover,USPS,99962241793870
1000530208,2014-10-26 04:55:34,29-230-5951,Electronics,$1488.42,24897,Visa,USPS,99943841115160
1000692336,2019-04-07 05:52:25,57-144-8143,Toys,$1365.05,15276,Google Checkout,UPS,99999217535973
1000884503,2011-08-22 22:42:59,66-802-1443,Sports,$427.88,41539,Discover,USPS,99970242378655
1000844570,2010-12-13 14:20:08,80-377-9820,Health,$61.51,15290,Paypal,UPS,99927121098428
1000745139,2019-06-15 04:01:48,19-282-9463,Beauty,$1114.06,57635,Paypal,Fedex,99946174491953
1000865628,2012-02-29 00:36:18,70-273-2611,Kids,$1257.16,83943,Paypal,UPS,99909373887098
1000620779,2015-08-16 04:41:37,59-225-8922,Electronics,$1427.83,18761,Google Checkout,Fedex,99935183545040
1000519362,2013-08-27 17:19:21,56-919-5047,Home,$783.03,22139,Discover,UPS,99916928680918
1000510870,2014-07-20 18:54:27,38-626-8002,Garden,$660.96,38395,Google Checkout,UPS,99926787648888
1000661317,2019-04-01 06:06:10,90-252-6302,Jewelery,$222.39,72053,Paypal,USPS,99959632071370
1000592366,2011-08-08 00:41:36,19-174-3175,Automotive,$450.60,89640,Amex,UPS,99909991170485
1000873761,2016-11-25 21:57:13,89-071-2096,Home,$1161.78,39719,Mastercard,UPS,99972220046639
1000699472,2019-01-21 11:26:12,14-292-9728,Computers,$618.20,89872,Visa,Fedex,99904440704468
1000786805,2013-12-15 20:17:20,11-293-4378,Toys,$303.94,84374,Discover,Fedex,99960852784996
1000786425,2016-10-11 08:53:30,09-444-6184,Toys,$181.79,34080,Amazon Checkout,Fedex,99954560316395
1000538126,2017-06-28 20:34:23,62-467-5676,Outdoors,$238.85,10860,Discover,UPS,99980129277860
1000661550,2013-11-26 02:12:40,09-120-7633,Games,$1255.48,47645,Discover,UPS,99948131965037
1000596474,2018-11-13 19:31:53,71-208-3671,Shoes,$1451.61,21125,Google Checkout,USPS,99963028696473
1000841887,2012-03-09 07:09:58,58-432-8759,Shoes,$175.16,78028,Google Checkout,UPS,99961899023793
1000838114,2018-07-31 01:16:16,95-611-7959,Industrial,$711.13,21739,Visa,USPS,99979476247353
1000827691,2015-05-17 04:08:56,66-047-2072,Computers,$729.53,32501,Amazon Checkout,UPS,99948634061132
1000715451,2015-11-16 21:04:52,15-695-9230,Games,$109.62,70055,Paypal,UPS,99974928434911
1000730516,2013-09-27 14:48:15,92-435-1711,Clothing,$656.17,46581,Paypal,USPS,99942601710704
1000722736,2015-10-15 21:33:27,11-756-2621,Kids,$1280.02,87892,Google Checkout,USPS,99916460908667
1000564402,2020-05-30 00:03:21,06-221-9372,Computers,$835.90,78828,Amazon Checkout,USPS,99958653894106
1000629128,2012-11-13 18:57:46,69-217-0112,Books,$284.33,56559,Amex,USPS,99975079531699
1000722078,2010-11-19 12:44:02,07-699-8772,Books,$338.81,49076,Paypal,USPS,99911211548116
1000819557,2013-02-09 23:12:38,93-949-1897,Shoes,$134.75,11734,Discover,USPS,99978995691403
1000815436,2017-03-20 03:56:04,99-695-1264,Toys,$554.97,76495,Google Checkout,Fedex,99943689265913
1000761145,2013-03-03 20:26:18,49-941-0287,Baby,$1034.54,17110,Paypal,UPS,99994651624177
1000808210,2011-03-11 13:48:10,11-736-8932,Toys,$1263.67,41576,Visa,USPS,99906632162420
1000577655,2020-03-01 03:16:06,12-854-4068,Grocery,$598.88,61318,Google Checkout,UPS,99976832365637
1000849689,2012-03-18 09:09:06,64-204-2784,Electronics,$289.76,79863,Paypal,USPS,99915247150651
1000598636,2016-12-11 10:44:10,19-977-0017,Baby,$1453.85,79051,Discover,Fedex,99915403711568
1000796654,2011-01-20 10:27:27,93-751-4232,Garden,$829.16,21176,Mastercard,UPS,99979875542241
1000629481,2012-04-06 17:23:13,44-594-1784,Music,$882.66,53669,Paypal,USPS,99984172507647
1000585974,2011-09-23 08:14:52,00-060-9116,Movies,$1006.36,28750,Mastercard,Fedex,99988421571120
1000707539,2012-05-22 09:07:58,79-238-9081,Outdoors,$286.93,48877,Google Checkout,USPS,99968602458064
1000873862,2011-02-24 13:19:42,79-445-5743,Outdoors,$1218.77,58098,Amex,UPS,99970535500561
1000780569,2016-09-27 04:09:41,95-505-6491,Tools,$29.70,11351,Visa,UPS,99967654411179
1000857110,2011-05-07 17:48:28,05-111-8579,Baby,$341.05,47641,Visa,Fedex,99981634707804
1000602231,2013-02-05 04:39:08,27-910-8157,Clothing,$49.73,71424,Visa,UPS,99935063685016
1000809152,2010-10-06 10:48:47,71-602-9340,Computers,$361.13,25976,Discover,Fedex,99935567399056
1000860241,2020-03-24 08:02:51,16-657-3070,Movies,$645.79,30828,Mastercard,USPS,99909964634441
1000515465,2017-12-16 15:55:25,71-470-5668,Beauty,$1337.54,71558,Mastercard,USPS,99901475137133
1000760446,2018-11-22 04:50:01,80-022-6571,Books,$171.08,33242,Amazon Checkout,USPS,99954163109365
1000821858,2015-10-29 05:48:12,50-155-2036,Baby,$655.13,59157,Discover,USPS,99933993413792
1000789877,2012-02-06 21:04:48,88-737-6694,Outdoors,$522.87,17480,Visa,UPS,99976965908735
1000894437,2013-08-23 18:42:44,62-096-7190,Home,$887.21,25262,Mastercard,Fedex,99954529542588
1000533565,2019-01-02 15:16:13,10-027-5301,Toys,$1350.40,35379,Amex,UPS,99917444903545
1000705164,2014-06-29 14:39:26,67-184-7736,Toys,$1074.81,29735,Amazon Checkout,UPS,99928560477069
1000526668,2015-02-15 02:02:47,12-876-3830,Grocery,$687.20,82716,Google Checkout,USPS,99986495363199
1000605009,2015-10-28 16:46:01,95-365-0133,Books,$493.26,86153,Mastercard,UPS,99941144187141
1000532276,2020-04-07 11:24:11,69-577-1351,Games,$58.46,65515,Google Checkout,USPS,99951301307683
1000639755,2019-11-30 13:25:03,37-799-9728,Jewelery,$1267.53,81149,Visa,USPS,99915523417195
1000579160,2018-05-01 18:24:22,93-086-2974,Automotive,$900.76,88023,Mastercard,UPS,99906121457913
1000741308,2017-01-16 07:27:34,90-166-0301,Games,$923.36,80588,Mastercard,UPS,99915644485451
1000785168,2019-03-28 11:14:59,89-735-6563,Automotive,$1332.97,84888,Amex,UPS,99951624466262
1000554277,2014-08-13 11:02:58,89-835-4279,Computers,$1487.67,55469,Visa,Fedex,99984450461748
1000590976,2012-08-21 14:52:27,21-473-1972,Jewelery,$275.70,43835,Discover,UPS,99974949458971
1000810190,2019-07-15 12:08:11,72-538-5193,Outdoors,$695.14,23010,Paypal,Fedex,99936353721608
1000871663,2014-02-19 03:50:02,42-971-1934,Baby,$796.11,76670,Paypal,USPS,99909804723566
1000613979,2016-12-09 12:43:31,07-177-0319,Automotive,$1290.27,70066,Amazon Checkout,USPS,99913193343773
1000892169,2019-01-20 01:29:34,51-661-5894,Games,$1397.45,23607,Amazon Checkout,UPS,99967691470264
1000512040,2011-05-26 12:42:02,51-314-1738,Electronics,$465.46,17059,Amazon Checkout,Fedex,99918973429549
1000883661,2012-07-17 22:48:22,92-690-4549,Jewelery,$742.22,36296,Mastercard,UPS,99924584383230
1000633211,2017-12-05 03:54:27,84-986-8799,Garden,$327.93,57156,Mastercard,UPS,99999193882021
1000848291,2017-06-16 14:52:44,80-512-5816,Beauty,$1117.94,76422,Amex,Fedex,99936008260245
1000725381,2018-08-06 07:53:34,41-503-8662,Baby,$1244.62,65570,Amex,UPS,99959035998229
1000608251,2013-10-05 03:59:15,80-168-9881,Jewelery,$1072.33,29273,Discover,Fedex,99950544183189
1000647059,2011-05-27 10:55:11,21-194-9665,Movies,$712.33,64870,Discover,UPS,99991010737367
1000748145,2012-02-13 20:58:13,14-194-3448,Home,$881.35,63566,Visa,Fedex,99932983513971
1000510536,2010-08-22 00:54:15,85-076-6231,Books,$175.16,42110,Discover,Fedex,99993938052949
1000528391,2011-03-04 13:34:45,08-498-3914,Clothing,$546.24,17092,Visa,USPS,99991178850930
1000509210,2013-02-06 20:56:34,85-647-1271,Toys,$1279.17,38606,Google Checkout,UPS,99997099817658
1000578467,2020-04-16 02:33:10,89-967-8065,Clothing,$37.89,75136,Amazon Checkout,Fedex,99937951232864
1000546853,2011-02-10 01:51:43,55-965-4698,Jewelery,$736.08,61107,Google Checkout,UPS,99909881634513
1000841536,2014-01-07 05:06:42,05-090-6769,Sports,$1475.43,75716,Mastercard,USPS,99987909187390
1000841062,2016-01-16 13:31:40,50-806-4457,Movies,$178.43,69350,Mastercard,Fedex,99980322837226
1000569144,2011-05-12 09:16:30,84-837-4812,Outdoors,$844.69,11473,Google Checkout,UPS,99999333910279
1000502765,2016-03-02 05:36:48,24-589-1924,Automotive,$944.14,48355,Visa,Fedex,99976274591993
1000634771,2018-07-20 05:14:00,29-373-8576,Automotive,$197.69,83884,Amazon Checkout,Fedex,99987126090912
1000588676,2011-06-06 23:26:41,07-583-0937,Toys,$380.90,41466,Paypal,Fedex,99922542944756
1000703051,2015-11-02 22:19:32,53-551-3445,Health,$818.68,60752,Amazon Checkout,UPS,99952750794458
1000619051,2012-07-01 12:11:05,89-755-1025,Health,$415.82,10283,Paypal,USPS,99917458329897
1000575405,2013-03-09 15:12:59,34-229-7435,Computers,$397.71,43243,Visa,USPS,99931763128999
1000696365,2016-08-31 14:24:13,57-962-8450,Jewelery,$1009.29,16390,Amazon Checkout,Fedex,99919672862547
1000711704,2019-08-18 12:10:07,40-563-0272,Electronics,$730.93,48776,Paypal,USPS,99916473726454
1000520255,2019-02-19 04:40:44,77-802-1095,Shoes,$1326.22,60844,Mastercard,UPS,99982339505999
1000717298,2018-03-06 23:08:55,51-113-1083,Music,$843.21,47352,Google Checkout,UPS,99913216006347
1000826885,2013-03-06 11:34:26,01-426-2287,Health,$722.38,55760,Visa,USPS,99982115176801
1000660281,2018-06-27 10:30:53,27-349-4322,Jewelery,$1012.76,79755,Visa,Fedex,99971213040392
1000564466,2016-05-21 15:02:40,30-035-1156,Health,$718.56,53922,Mastercard,USPS,99929725618924
1000800148,2014-08-30 12:45:43,87-702-8685,Health,$93.90,31147,Paypal,UPS,99943796818936
1000897107,2017-02-24 23:47:03,83-962-5554,Clothing,$216.43,53510,Visa,UPS,99965007532795
1000602646,2019-06-25 20:52:22,11-000-8148,Health,$1303.71,84525,Google Checkout,USPS,99901410483815
1000894815,2010-12-30 03:33:39,02-054-1547,Outdoors,$1297.37,40256,Mastercard,Fedex,99992688656289
1000620344,2020-05-22 04:53:53,55-016-1904,Garden,$77.84,84947,Mastercard,USPS,99934798081580
1000827014,2019-07-07 14:36:31,76-028-5159,Industrial,$1436.06,25824,Amex,UPS,99902821807858
1000848033,2013-10-14 16:07:28,96-864-7645,Home,$813.22,47999,Mastercard,USPS,99907059077285
1000630320,2013-10-14 20:56:18,85-625-6976,Books,$532.84,81618,Google Checkout,Fedex,99964152867337
1000602321,2017-12-15 23:07:25,13-623-7930,Books,$1071.79,89712,Google Checkout,UPS,99969645161632
1000608472,2019-03-20 07:58:42,33-435-5887,Home,$532.75,61266,Mastercard,Fedex,99990546203073
1000794113,2014-06-18 03:10:22,85-350-2669,Computers,$1240.28,29595,Amazon Checkout,Fedex,99984004566750
1000835638,2014-05-04 03:26:28,23-826-3216,Outdoors,$733.46,52609,Paypal,Fedex,99930722468414
1000587601,2019-03-08 13:10:12,56-468-6641,Movies,$326.73,74022,Amex,Fedex,99929882946283
1000685330,2013-07-06 23:44:35,42-489-2622,Shoes,$805.75,14632,Paypal,USPS,99950611496658
1000552097,2016-02-27 00:00:34,22-654-4378,Tools,$864.47,46424,Google Checkout,UPS,99927510150027
1000715642,2013-11-07 13:53:52,34-585-1525,Garden,$1265.79,74513,Amex,UPS,99910902807888
1000550482,2020-03-23 20:49:36,88-008-1489,Home,$328.36,30603,Paypal,UPS,99955840824586
1000670118,2017-12-30 14:00:16,20-673-1576,Baby,$66.38,75614,Visa,UPS,99985664788852
1000729950,2016-12-11 10:35:00,58-894-1976,Beauty,$1268.21,32253,Visa,Fedex,99950694739882
1000632094,2015-03-09 09:20:35,76-212-0179,Outdoors,$581.00,70479,Amazon Checkout,UPS,99980822903983
1000816557,2012-08-16 03:28:06,55-402-5600,Industrial,$1331.33,52337,Discover,UPS,99933789793835
1000799302,2016-02-15 16:50:32,14-168-3249,Outdoors,$1177.94,44454,Mastercard,Fedex,99971761101112
1000767523,2018-08-15 20:24:31,09-848-9559,Computers,$732.08,44710,Visa,USPS,99932427061498
1000782432,2015-06-17 10:32:01,04-299-9262,Home,$136.42,77815,Visa,USPS,99944710476325
1000791813,2018-09-29 05:59:40,53-292-2964,Books,$476.18,53865,Google Checkout,UPS,99971765215947
1000769713,2012-05-30 17:05:34,08-884-8257,Clothing,$1267.31,50121,Visa,USPS,99953763481890
1000529411,2011-07-19 12:18:09,60-925-2713,Industrial,$994.31,84182,Mastercard,UPS,99979150703739
1000713993,2010-07-14 06:34:17,39-647-1235,Outdoors,$905.63,83324,Amex,USPS,99921930860751
1000536962,2016-05-16 13:50:55,68-721-2306,Garden,$1341.42,61159,Amazon Checkout,UPS,99975511433962
1000798755,2013-10-19 23:03:58,54-234-1403,Automotive,$665.01,61428,Google Checkout,Fedex,99939928213836
1000680698,2018-10-27 16:07:20,92-449-1638,Music,$73.68,61624,Paypal,Fedex,99913973321333
1000601886,2019-08-05 08:27:54,32-333-5921,Music,$744.68,81046,Paypal,UPS,99994675156503
1000720463,2015-11-30 06:58:01,63-721-8523,Movies,$751.14,23991,Discover,USPS,99965610506831
1000638705,2015-07-29 10:44:59,03-343-9738,Baby,$616.39,60418,Amazon Checkout,UPS,99978622835321
1000831038,2014-03-22 03:34:43,88-999-8278,Kids,$1466.72,46638,Visa,UPS,99999223654748
1000552180,2012-06-22 11:12:16,00-443-7818,Home,$493.19,30993,Mastercard,Fedex,99908536342355
1000782925,2015-03-03 00:55:27,23-556-0760,Music,$944.70,11298,Paypal,Fedex,99947289587764
1000752806,2013-05-29 22:40:10,19-423-5030,Shoes,$1066.03,30532,Amex,UPS,99916871601859
1000513687,2017-09-09 07:36:10,53-746-3840,Garden,$1090.86,85968,Visa,UPS,99933031312035
1000872948,2013-02-12 10:46:35,96-262-1547,Beauty,$1275.65,29306,Amazon Checkout,UPS,99928950987289
1000633071,2015-10-13 01:28:03,14-347-4054,Beauty,$1278.18,38065,Amex,UPS,99953185614729
1000803744,2014-09-16 01:59:28,69-677-0137,Sports,$365.06,67181,Amazon Checkout,USPS,99978071338609
1000625926,2017-07-18 10:22:51,63-090-3729,Books,$1195.84,32549,Visa,UPS,99988948942121
1000650593,2013-11-08 02:09:25,55-614-6947,Games,$1169.66,84837,Amazon Checkout,UPS,99953740884685
1000678774,2016-04-24 18:42:48,47-719-1346,Electronics,$391.04,69861,Amazon Checkout,UPS,99922013933222
1000746342,2017-10-11 12:05:50,89-390-0879,Games,$757.24,51981,Paypal,UPS,99932537489690
1000885809,2016-12-06 15:18:11,99-196-2154,Baby,$1217.31,46964,Amazon Checkout,Fedex,99926764506111
1000787018,2012-03-04 18:21:40,83-691-0845,Clothing,$754.99,21562,Google Checkout,UPS,99965774036475
1000873866,2011-08-31 08:41:29,83-210-7626,Sports,$1370.53,82730,Google Checkout,Fedex,99993908564877
1000624470,2014-01-14 06:34:43,58-472-7184,Jewelery,$731.04,55195,Discover,UPS,99949198161644
1000693643,2019-07-10 21:00:05,48-198-3396,Games,$1130.45,75296,Amazon Checkout,USPS,99960317784651
1000794586,2012-07-25 03:04:36,81-280-4542,Computers,$185.56,12383,Visa,Fedex,99912628448969
1000809482,2013-10-14 12:18:03,13-988-4985,Automotive,$589.92,21136,Mastercard,USPS,99953086389017
1000814408,2014-11-20 01:06:31,17-192-2395,Beauty,$323.99,85178,Google Checkout,UPS,99904719368176
1000755169,2019-01-08 06:10:31,21-199-5267,Tools,$986.96,89308,Visa,UPS,99947500982002
1000568684,2014-09-25 10:13:03,10-570-7116,Home,$320.20,28410,Mastercard,Fedex,99926620255652
1000710057,2012-01-26 08:40:29,83-036-2684,Electronics,$1129.70,78423,Visa,UPS,99910133872787
1000659538,2015-12-09 06:19:06,07-270-2004,Sports,$687.28,18517,Mastercard,Fedex,99923634935697
1000756674,2018-08-22 12:52:29,44-824-8448,Tools,$950.80,73136,Visa,Fedex,99918637543349
1000662691,2018-05-28 21:00:45,72-771-0175,Kids,$62.70,64380,Discover,UPS,99931419905999
1000530518,2017-09-19 02:32:57,76-243-1865,Computers,$836.86,74983,Google Checkout,UPS,99936036174380
1000857502,2012-08-26 21:14:30,83-974-5945,Movies,$1162.32,38378,Visa,USPS,99915702506850
1000745973,2016-05-16 15:13:00,53-738-5209,Games,$390.71,44449,Paypal,UPS,99942867917742
1000733962,2016-03-15 21:08:53,56-662-4152,Industrial,$358.19,21004,Visa,UPS,99995694389911
1000644725,2010-11-30 17:58:53,52-211-6114,Toys,$210.14,20343,Discover,Fedex,99945156186005
1000681149,2013-11-20 02:10:25,18-155-7087,Kids,$699.41,26355,Amex,Fedex,99958705208804
1000655375,2018-07-10 05:19:02,61-147-8100,Music,$770.86,43326,Visa,UPS,99935808860586
1000762675,2014-11-17 16:14:03,57-556-4132,Garden,$1132.79,52987,Paypal,UPS,99937588681303
1000515442,2017-02-27 04:40:03,98-411-6866,Sports,$1378.44,14260,Mastercard,Fedex,99982314248778
1000635919,2020-04-27 01:56:35,91-810-0314,Electronics,$998.42,82956,Amex,USPS,99943006839636
1000554763,2013-12-06 02:03:48,84-980-0422,Grocery,$50.89,27964,Paypal,UPS,99915876208083
1000667762,2019-01-19 12:55:13,81-448-1807,Kids,$1497.29,26187,Amazon Checkout,USPS,99924914519847
1000561169,2020-04-04 01:52:45,44-341-9630,Kids,$793.20,84690,Paypal,USPS,99947653230072
1000802158,2016-06-28 17:24:16,54-185-2167,Beauty,$843.65,35821,Google Checkout,Fedex,99957916185719
1000848083,2015-01-16 17:11:27,33-184-3614,Baby,$1477.84,16451,Discover,USPS,99907246973064
1000506626,2016-08-23 03:17:03,53-394-6457,Movies,$110.74,83272,Amex,UPS,99960458371399
1000684962,2019-11-16 14:34:43,01-585-2416,Toys,$1275.13,26441,Google Checkout,Fedex,99902426532355
1000838246,2020-02-11 07:43:02,03-312-8176,Games,$1367.30,41935,Amex,USPS,99983572696286
1000796975,2010-07-19 04:37:26,31-546-1068,Tools,$467.61,63043,Mastercard,UPS,99921239847143
1000800833,2011-03-15 04:55:35,13-627-0153,Industrial,$768.14,62569,Paypal,USPS,99952102305225
1000878978,2016-10-25 08:55:15,48-793-5901,Outdoors,$723.16,67028,Google Checkout,UPS,99928892796767
1000834468,2015-08-12 18:54:43,08-092-4700,Tools,$400.95,19594,Amex,Fedex,99997989820080
1000800957,2019-01-25 08:53:02,12-304-0757,Books,$1087.62,35302,Mastercard,USPS,99911519627609
1000844143,2019-06-01 10:20:51,40-379-2007,Electronics,$665.63,25636,Amex,USPS,99977500579709
1000669845,2018-04-25 19:51:56,55-394-8114,Electronics,$1369.64,17396,Discover,UPS,99958592720441
1000538606,2012-04-10 03:56:34,51-986-2183,Sports,$317.85,11160,Amazon Checkout,UPS,99951527090898
1000831603,2011-06-30 08:02:54,00-775-9333,Kids,$367.24,54666,Paypal,UPS,99917479067013
1000875897,2011-03-23 17:04:10,38-906-7139,Grocery,$824.77,42365,Mastercard,Fedex,99993507407687
1000822092,2013-03-19 11:11:41,22-008-2653,Beauty,$1449.07,52264,Visa,Fedex,99993310976685
1000740099,2017-08-04 14:02:41,49-808-6566,Music,$784.20,63450,Amex,USPS,99943203710487
1000519388,2020-03-10 17:16:21,42-467-4871,Outdoors,$921.28,80904,Paypal,Fedex,99927518727767
1000631398,2014-06-16 21:28:30,78-334-4884,Movies,$1323.86,81697,Amazon Checkout,USPS,99917650553233
1000729513,2011-01-06 01:25:24,52-991-0223,Beauty,$444.62,72558,Discover,USPS,99917782648153
1000641164,2017-01-14 02:04:11,26-216-3838,Clothing,$1354.52,43390,Discover,Fedex,99959763433105
1000842680,2017-09-20 04:10:04,30-080-8091,Beauty,$573.03,59106,Paypal,Fedex,99985610176810
1000742012,2012-01-27 04:13:46,79-742-0055,Clothing,$412.50,18155,Google Checkout,Fedex,99908856273102
1000768259,2014-01-30 12:05:07,10-319-1581,Computers,$1087.13,17244,Discover,USPS,99971640827077
1000673626,2017-03-25 21:00:09,58-890-3231,Baby,$317.46,35973,Discover,Fedex,99901565317128
1000660565,2016-02-02 03:14:09,79-222-3181,Baby,$147.09,13969,Amazon Checkout,UPS,99919590164261
1000865560,2018-11-26 07:49:26,89-269-0168,Industrial,$1202.70,19569,Amazon Checkout,Fedex,99992257354310
1000891101,2017-10-22 17:15:56,67-596-8012,Grocery,$1298.58,46563,Google Checkout,Fedex,99971900864369
1000847658,2019-05-03 22:51:18,73-365-1977,Shoes,$61.26,57333,Mastercard,UPS,99963105976446
1000802663,2014-09-24 11:51:23,75-191-9375,Grocery,$692.46,28483,Google Checkout,USPS,99961756621963
1000802807,2011-09-26 05:01:50,36-726-5890,Health,$512.33,59096,Mastercard,USPS,99981509488220
1000776932,2014-05-06 23:27:31,05-580-6699,Books,$1282.98,82833,Amex,UPS,99987147710639
1000592939,2015-04-14 09:58:57,90-564-5533,Industrial,$1166.54,62894,Visa,Fedex,99908269642951
1000898420,2016-08-05 16:05:13,63-893-0699,Movies,$946.96,53726,Visa,Fedex,99958795542693
1000807955,2014-09-08 20:17:19,46-834-2097,Games,$109.75,58004,Google Checkout,UPS,99914996230913
1000514004,2013-07-04 18:46:16,69-607-8648,Shoes,$300.77,23596,Amazon Checkout,USPS,99967852773068
1000715192,2014-04-09 13:24:55,90-582-7278,Outdoors,$348.94,26711,Visa,Fedex,99935257702879
1000667796,2015-09-30 16:09:49,75-432-4024,Garden,$183.89,55547,Visa,Fedex,99989827306477
1000716285,2012-02-15 22:01:22,39-804-1852,Computers,$880.35,12349,Visa,UPS,99910874736736
1000541424,2015-07-01 14:08:30,77-761-7175,Garden,$195.08,19191,Mastercard,USPS,99966470029440
1000569372,2016-09-03 20:34:14,60-399-3365,Music,$84.29,36392,Paypal,Fedex,99926026007250
1000825725,2015-01-02 03:11:29,37-546-7889,Clothing,$1018.88,56303,Google Checkout,USPS,99919909924960
1000547852,2017-12-13 05:22:51,41-838-4977,Electronics,$948.62,10281,Amex,USPS,99927498662562
1000554937,2018-01-01 07:02:29,83-867-4594,Jewelery,$378.22,24668,Paypal,UPS,99983006972786
1000719022,2020-05-19 00:07:15,87-380-9796,Shoes,$827.55,20801,Amazon Checkout,Fedex,99954333665462
1000873615,2013-05-24 01:53:43,27-353-6522,Games,$1278.55,77038,Google Checkout,Fedex,99997843798812
1000583026,2019-04-13 09:15:28,57-674-1221,Games,$539.50,16160,Amazon Checkout,USPS,99931153715373
1000533489,2012-09-02 09:19:45,89-273-1835,Tools,$276.45,58734,Amazon Checkout,USPS,99934002358765
1000508206,2017-09-21 19:20:02,01-681-1891,Clothing,$69.70,76581,Amex,Fedex,99940545561978
1000687690,2016-10-26 18:23:38,20-402-0409,Industrial,$219.80,81502,Google Checkout,USPS,99956800882114
1000621204,2017-08-23 23:15:17,91-882-3883,Grocery,$274.80,39064,Paypal,Fedex,99903326223384
1000845407,2015-09-05 02:31:18,38-853-5236,Kids,$1291.79,80419,Paypal,UPS,99966832435888
1000508444,2013-11-25 02:52:08,34-297-6146,Health,$307.27,75727,Visa,USPS,99970908143720
1000569543,2014-03-20 04:28:22,59-169-8624,Kids,$1370.93,45281,Google Checkout,UPS,99992140467835
1000500952,2016-03-04 03:16:56,63-592-4017,Movies,$917.66,32588,Amazon Checkout,UPS,99968871889866
1000708385,2013-03-25 17:49:42,65-944-8706,Home,$1242.15,70763,Google Checkout,USPS,99910166894089
1000578581,2016-01-24 01:57:31,64-324-5576,Grocery,$470.51,84259,Visa,Fedex,99920101121246
1000832783,2012-01-13 04:54:27,47-500-3192,Baby,$282.75,10849,Paypal,USPS,99905094151641
1000558640,2013-09-09 10:18:14,31-287-5869,Outdoors,$1397.29,46901,Discover,Fedex,99976829328288
1000667326,2014-10-05 07:24:13,28-165-9295,Grocery,$434.54,58751,Google Checkout,UPS,99985731639329
1000529157,2013-04-14 03:07:52,49-047-1766,Tools,$361.28,75628,Amex,UPS,99922811750715
1000884920,2017-05-30 09:20:54,52-966-7196,Electronics,$77.74,73476,Discover,USPS,99927416800568
1000622195,2015-09-15 13:27:27,55-205-2397,Games,$128.75,32113,Discover,USPS,99914792967353
1000613147,2015-09-09 20:55:55,56-489-6939,Grocery,$116.21,25373,Mastercard,USPS,99932928884461
1000747782,2014-08-16 08:07:42,62-450-0691,Jewelery,$1007.95,16948,Visa,USPS,99987418359972
1000783725,2015-10-04 23:28:16,70-533-5657,Electronics,$1032.96,65461,Amazon Checkout,Fedex,99966719808261
1000861522,2012-09-04 06:46:54,75-316-9818,Baby,$1143.68,84584,Paypal,UPS,99908096137296
1000525066,2014-12-22 10:50:40,50-859-6690,Tools,$921.06,15797,Amazon Checkout,UPS,99966211538483
1000623874,2020-06-22 13:20:02,23-062-1356,Tools,$648.17,30912,Amazon Checkout,USPS,99908971047811
1000520738,2018-12-13 16:46:54,83-535-1556,Games,$436.99,64999,Amex,USPS,99960764673391
1000751805,2012-12-11 08:42:00,05-218-5661,Clothing,$723.96,26260,Amazon Checkout,Fedex,99976204510091
1000610505,2016-09-02 14:04:49,41-554-9480,Garden,$450.60,77712,Discover,USPS,99968672983925
1000825960,2019-08-17 04:41:02,71-278-8866,Health,$41.42,72805,Google Checkout,Fedex,99914905550023
1000604981,2015-09-14 13:51:31,57-608-0184,Sports,$811.94,54327,Discover,UPS,99975369551888
1000544886,2013-06-12 12:21:38,24-669-1244,Beauty,$909.64,60648,Amex,USPS,99911735560600
1000898078,2011-07-28 06:22:13,68-343-2115,Clothing,$221.73,89793,Paypal,Fedex,99962008454992
1000638548,2017-12-13 18:26:43,14-811-2500,Movies,$739.74,77218,Amazon Checkout,UPS,99999806785360
1000558105,2012-12-21 23:51:49,38-864-2595,Shoes,$928.86,41206,Amex,USPS,99949032781765
1000606334,2019-01-28 15:11:34,17-466-0999,Computers,$450.85,82154,Amex,UPS,99995225030789
1000897354,2016-11-24 23:25:03,03-100-1904,Grocery,$786.76,84019,Visa,UPS,99982980589967
1000817061,2018-03-13 19:59:39,32-088-0707,Clothing,$1114.46,62732,Amex,USPS,99913041758375
1000588971,2016-08-18 04:11:06,29-533-1578,Shoes,$654.79,87811,Visa,UPS,99913812036314
1000724233,2013-05-03 19:30:03,90-298-6624,Sports,$248.53,32207,Google Checkout,Fedex,99901137319261
1000819930,2015-09-05 01:07:45,89-930-5889,Baby,$1339.11,83648,Paypal,Fedex,99944359079961
1000865731,2010-08-03 06:40:52,31-964-7870,Shoes,$299.79,75212,Discover,Fedex,99920738757288
1000544257,2014-07-15 05:32:39,38-504-6953,Outdoors,$440.59,32635,Amazon Checkout,USPS,99996896564104
1000688833,2018-11-18 16:39:34,89-521-5869,Games,$1282.63,21976,Amazon Checkout,Fedex,99905660350071
1000822427,2011-10-06 19:00:51,78-802-0817,Garden,$1291.67,81524,Amazon Checkout,USPS,99997031416477
1000859174,2014-10-07 09:33:02,65-451-4480,Kids,$733.42,39714,Mastercard,USPS,99948767835950
1000507404,2012-10-13 04:20:39,48-803-2994,Industrial,$1361.36,11729,Google Checkout,USPS,99995602911184
1000710579,2013-10-23 21:28:18,22-112-9993,Automotive,$551.58,17604,Amazon Checkout,UPS,99950579984771
1000654880,2019-04-01 17:06:39,93-905-3173,Shoes,$551.84,57960,Visa,Fedex,99971327726858
1000692457,2018-06-05 10:35:55,69-991-5726,Kids,$996.03,16329,Amex,Fedex,99939260714359
1000524857,2013-03-04 15:31:42,48-554-7592,Electronics,$1140.04,67357,Google Checkout,USPS,99994781227294
1000716555,2013-08-11 00:17:59,34-541-3089,Movies,$346.84,73687,Amex,Fedex,99964964318059
1000724764,2015-10-09 01:43:58,97-516-6646,Clothing,$710.05,50766,Amazon Checkout,USPS,99961947617318
1000764118,2013-04-15 08:58:04,20-378-4185,Games,$135.77,85639,Google Checkout,Fedex,99936135800391
1000764051,2012-06-26 01:27:35,09-712-3613,Industrial,$278.33,17421,Google Checkout,UPS,99939633060501
1000718012,2014-11-22 09:18:37,60-458-0464,Beauty,$1168.63,58042,Mastercard,Fedex,99993429372504
1000663848,2016-01-01 22:06:28,31-338-7697,Books,$830.23,13245,Amex,USPS,99937629865551
1000829159,2011-04-13 08:39:32,33-245-6795,Health,$462.01,28421,Visa,Fedex,99926251948636
1000688656,2016-08-25 14:12:52,74-409-4868,Beauty,$35.25,60358,Visa,UPS,99975648164806
1000620757,2019-03-03 23:59:39,05-962-3639,Garden,$409.81,34149,Visa,UPS,99966864715584
1000699720,2016-10-01 14:06:04,88-843-9950,Home,$1110.83,86510,Amex,Fedex,99980147568855
1000591341,2013-03-21 04:28:38,06-697-7184,Industrial,$490.97,76289,Mastercard,UPS,99902525247342
1000885641,2018-06-06 13:21:40,58-245-7874,Movies,$282.96,25617,Amazon Checkout,UPS,99954299222482
1000710901,2018-12-22 21:45:28,68-719-3892,Clothing,$1450.75,13540,Amazon Checkout,UPS,99906033333397
1000800658,2014-01-11 14:47:30,13-798-8674,Garden,$466.11,12678,Amex,USPS,99931850433003
1000828366,2017-05-02 12:24:28,14-263-5319,Clothing,$821.73,83065,Paypal,UPS,99958406227445
1000875205,2017-07-02 15:13:43,11-424-1532,Sports,$644.96,81769,Google Checkout,UPS,99932031248416
1000783257,2010-08-02 21:42:04,43-009-1078,Automotive,$1089.71,17762,Amazon Checkout,Fedex,99995182233696
1000637275,2017-02-06 02:47:37,22-595-3360,Industrial,$1351.68,44860,Amazon Checkout,USPS,99986732401486
1000738180,2011-10-13 13:21:26,68-842-8068,Beauty,$47.14,85696,Visa,USPS,99942129065298
1000670668,2017-05-13 05:17:48,62-616-8071,Garden,$459.57,68237,Amex,Fedex,99906827693184
1000513005,2013-11-07 02:18:00,52-998-2342,Baby,$1376.38,45910,Google Checkout,UPS,99977950379804
1000537941,2011-10-11 05:34:16,75-720-7562,Games,$746.92,62392,Google Checkout,USPS,99984925390766
1000681126,2016-04-18 01:35:59,13-051-6173,Books,$66.56,89780,Amex,Fedex,99980867928896
1000517354,2015-01-11 15:35:02,63-477-9352,Garden,$687.19,25847,Paypal,Fedex,99907638021718
1000739936,2016-09-22 15:57:52,47-278-6106,Tools,$1055.73,42081,Amex,USPS,99951204307727
1000530443,2015-05-16 09:45:31,97-199-0242,Jewelery,$1347.15,63600,Visa,UPS,99914256829577
1000812001,2020-05-02 01:30:30,29-222-5016,Toys,$521.66,33566,Visa,USPS,99964420170606
1000877663,2016-06-03 07:37:05,18-476-3558,Sports,$1290.37,17091,Discover,Fedex,99906944987251
1000542937,2013-05-14 19:40:11,22-400-6204,Home,$757.77,54925,Google Checkout,UPS,99942755133276
1000804162,2020-03-19 00:06:22,07-052-5934,Books,$409.20,30981,Mastercard,UPS,99943552450886
1000729791,2020-02-17 07:50:58,58-391-3143,Baby,$696.70,14674,Discover,Fedex,99992747033949
1000557997,2019-07-18 14:03:39,70-837-2092,Beauty,$1130.70,68131,Paypal,UPS,99920175126926
1000873488,2011-07-23 01:12:24,36-845-7349,Automotive,$929.73,22117,Google Checkout,Fedex,99920930136125
