confirmation_number,tradeid,transaction_date,completed,investor_id
02-132-9595,BG18 WNDC 5485 21U9 OZ3Q 2W,1566523877000,false,31446
73-191-5414,DK74 3215 9716 5121 68,1572672225000,true,66922
17-063-0800,FR85 5851 9971 28YK JDOS EDSA 040,1589928472000,true,93754
20-716-8758,FI40 9252 0676 1435 44,1569179973000,false,46895
44-491-0931,FI38 9172 6007 4230 88,1567795468000,true,18701
64-973-2930,LV35 RFRR NAGS K73N YUFC A,1584026411000,true,96664
28-484-6610,ME40 6589 0810 4511 0885 84,1583973121000,false,86706
96-524-8747,MU40 VRDO 1709 1130 9383 9121 715G PF,1586429039000,true,22100
96-991-8000,CH66 0698 9IMM JZI0 WXVH E,1562011477000,true,93140
45-875-4178,BH06 PCEO A94A LEKX UX6X WO,1571176733000,true,79190
05-201-7283,RS79 5870 7211 5429 8862 59,1573914985000,false,23464
36-422-3003,AL12 5467 6027 5EKG VGJH KKSD 9FXB,1563562335000,false,12061
46-255-4150,GL68 4610 5992 6312 29,1566905889000,true,54860
35-291-5267,IL02 4997 4550 7150 2719 421,1566879980000,true,19972
25-650-0289,SI04 3540 5829 7866 616,1565095401000,true,91353
61-474-2025,IS11 0936 1339 6528 3592 2201 50,1566091041000,true,18388
83-685-8010,BH48 DFBJ BM47 UFUR ST13 HS,1576712331000,true,23934
06-494-6809,SI43 2054 2645 6363 120,1585303882000,false,47221
28-625-7021,BA20 7735 2293 8474 8963,1561897920000,true,23806
74-830-5443,CZ50 1303 1915 7763 1963 9970,1566072682000,false,49105
54-581-4667,SA21 18KL WJFD YQT2 HPTT ZF5X,1569937655000,false,89113
18-456-0682,CZ65 9585 7808 7241 1567 9347,1575664294000,false,92066
09-905-7154,GL59 9085 9978 9635 12,1574975327000,false,13269
93-874-9795,RO75 BSZP MO6P MBCC BDKV VKPY,1591774229000,false,66189
16-382-5831,AZ76 DSPV PFZA 43DZ EQPK LG2S IBLC,1581165559000,false,33867
90-184-1752,SE17 4284 2321 8808 7134 2794,1582267757000,false,80665
33-709-1577,FR47 2417 4568 04X3 VRNC BODJ H60,1572026527000,true,58853
06-662-4121,MC29 3561 6179 24ED JYGK QSUY Y92,1562457127000,false,73653
08-047-6715,FR94 6075 2657 034B 8JOR 2UCJ 910,1577781627000,true,55002
79-533-1991,GE12 QM81 4466 9078 1294 35,1563940747000,true,10497
42-124-0814,HR62 2637 4760 9592 8644 9,1585746967000,true,27525
57-582-2433,BG33 IKYX 4443 92ET KHKH MO,1569412449000,true,89942
71-801-4519,FR44 0571 4892 89XQ LXQP AT6V J16,1572446478000,true,46520
28-002-9320,IE97 BYHN 2393 9282 6766 66,1580925769000,true,90755
21-120-0805,GI35 JCFY NJVB WKIW QG7G PZC,1582107799000,true,67554
88-419-0476,IT27 Z194 8335 012D XBQG 5LKH 8CQ,1566482079000,true,30641
41-062-2029,PK26 FIKI OTA4 K3ZX LZHJ IXNL,1576453837000,true,61082
67-096-2925,FR39 4296 2395 36PF FXJG WZJE L23,1585472602000,true,40695
76-781-8394,IE15 QJMM 2712 9496 2321 47,1563461514000,true,81688
24-437-3312,MR49 8839 7181 3898 8157 0204 170,1564580874000,true,62154
19-883-5770,EE93 3981 1014 8896 9171,1592528834000,false,22082
04-799-6705,FR31 8594 1944 42TF HOGY HQGO C44,1581735868000,false,39522
00-038-4949,FR40 5815 9763 74JJ 7NVV PPTC W72,1580822331000,true,78705
04-983-7467,GE47 DB06 3129 8803 6008 92,1592558137000,false,11527
91-315-6088,FO11 7797 7180 3950 31,1573216850000,true,51920
70-775-6622,FR46 5662 0320 35XE PLGK 5EOA Y25,1568542190000,true,56721
06-747-2730,FR23 7922 4442 237G JLNU AKQK 756,1579802672000,false,40837
94-362-3043,AT57 3844 2044 7686 9636,1574431756000,false,14731
61-246-7317,ME32 1491 5616 6839 8044 65,1586996220000,false,68605
83-128-7060,IS11 2349 1274 5079 3434 4432 50,1574306568000,false,72371
49-902-8033,AE87 4182 5337 7687 9190 123,1589469711000,true,56652
15-648-1094,AL56 9334 7977 XIPX VJCK UXZU 9WXV,1587443340000,false,55347
98-108-6385,SM14 U900 9528 199U YPDA BDHE CGN,1586325965000,true,22801
42-704-0528,HR46 0713 8407 5686 0363 9,1583216649000,true,57747
35-761-2890,BE48 1767 6862 9690,1585369436000,false,41398
08-726-1385,GB13 XCRJ 1785 2364 1487 71,1571560784000,false,34687
11-706-4705,DE50 5719 4931 3948 4801 25,1577016488000,true,68869
27-095-4416,BA21 9783 6922 1297 3201,1567410800000,false,90550
92-739-3917,SK62 5066 6713 2449 9130 4584,1574534248000,false,96983
78-923-5558,LV21 ZLVP M2PY 7DUN XAJ9 P,1563540840000,false,74320
26-066-5982,GR07 3534 7107 LHPD A0I5 J6OR GD6,1564120715000,false,19340
52-563-8277,MK88 126O FJ3S VD1I Z17,1584810854000,false,80181
26-404-6488,NL36 VKBT 6381 3304 97,1588933019000,true,33943
07-675-4760,SI65 2431 3010 6908 503,1562382269000,false,35387
76-253-3338,PT56 0850 1762 3151 5892 9497 8,1574487426000,false,50591
21-476-4107,MC66 1902 7190 0605 29WF RPUW 878,1571669040000,true,96868
21-815-5897,AT76 2351 1473 9184 6424,1591418667000,false,58499
45-112-8989,DO04 IA1S 2699 8263 2360 1682 8235,1571489610000,true,69445
45-471-9953,MR11 4970 2612 3775 6093 5117 051,1591059801000,false,51038
95-947-3262,IL76 7184 4188 1455 1779 045,1564390424000,true,73587
15-970-2059,AE94 8388 1388 9542 6199 091,1564039101000,false,74119
22-090-9695,AE02 5278 5917 7569 7249 529,1566471559000,false,80316
74-236-8931,LT81 5991 9230 7198 5957,1564360709000,false,56653
77-629-7771,IS32 7352 6474 9539 2381 6048 13,1570998008000,false,93401
03-552-7439,SA28 50OO 8RWG ZEYC 05ZK Z1C5,1574652039000,false,22401
90-123-7059,GB97 WAOH 5841 5765 4395 22,1583771126000,false,44711
28-142-1533,ES87 5696 2094 0304 5944 5586,1568419207000,false,24040
58-898-7462,FI32 1591 5862 3248 32,1564178218000,false,71068
51-751-8692,AZ32 PXQI T9YK NXMH Z50S 0DJP F1DG,1562415716000,false,69497
55-596-9165,RO54 JCDA TETA NZEX C96J Z4FQ,1576976300000,false,25569
34-255-5313,CR85 4895 9363 8333 1414 8,1588360623000,false,89802
35-717-6499,FR71 6607 2969 819H SUPR SZHQ U50,1578041075000,true,23213
31-589-8651,LT67 4286 7579 1981 3162,1568072908000,false,55725
06-419-0916,VG80 TJDD 5993 1846 3326 6923,1580722015000,false,83390
87-506-6295,AE79 3229 8609 2194 8988 919,1579967528000,true,59677
75-800-3279,GE58 PB79 1386 7614 8064 84,1586592607000,false,11471
01-925-3513,LI02 2939 39CD XPER JKEK W,1590123829000,true,27824
24-402-8433,EE70 1187 3049 2328 5538,1570880661000,true,83380
43-237-5690,IT82 Q943 7667 263T XFTG 3BUI Q7U,1580981581000,true,51274
14-463-2159,GB97 VXUG 5557 5600 4114 65,1577810409000,false,28597
64-889-6830,MR18 4030 4339 2315 0254 7286 204,1562708364000,true,51875
48-129-2080,FI55 4600 1899 5223 07,1592140415000,false,39250
21-140-1690,GI65 CKBL BGC3 B2RV ZHJA 8S9,1571574629000,true,48203
55-450-2413,FR24 7652 2488 56SG XNIQ TZVU I52,1582604826000,false,55119
20-012-6048,BR44 9994 9332 6699 2389 4303 763Z 7,1584044920000,false,38770
27-020-8298,AZ31 QBKC UU6B GOST IIH2 9WBL ZYMC,1577710114000,true,46282
68-615-3417,MR23 8948 5415 3491 2699 8727 691,1569269222000,false,92828
85-939-4873,CZ69 9082 8899 4457 6500 7453,1561411426000,false,32627
85-392-3594,TR16 8220 3NA7 C0RS WHNG UKQH Q4,1584480349000,true,40770
62-617-6805,RS87 8004 1333 3769 3252 96,1581862943000,true,73916
09-472-6192,HR19 9361 5034 4556 1551 5,1575524568000,false,35585
29-686-5914,MU63 DLWF 6643 8680 3232 3619 752V LQ,1566617110000,true,90155
23-041-0046,FR74 8373 0744 85PD KQAE LK0P 649,1568152747000,true,14276
72-495-6744,LU36 812M SFQY GIMI EQBU,1580499635000,false,22524
64-147-1197,MT13 AXHK 7000 5Q6I 8GR1 16E7 RMYW NCT,1581896364000,false,43592
58-277-5779,CH79 8660 8X67 WP4F EKQL F,1582463744000,true,57697
82-637-6632,CZ04 4785 6018 2195 5009 0942,1562290202000,false,21781
24-132-6800,CR73 1908 3313 1202 9806 7,1577574545000,true,63611
75-608-5656,AD54 6519 2878 BQ5Z CFWC EGF2,1562032857000,true,81440
32-253-9549,AT19 8086 3078 2161 1841,1569431948000,true,77528
55-792-2714,AT10 3036 3231 3579 7121,1585483347000,false,83536
72-070-1531,NO79 4835 0787 204,1582924398000,true,91419
39-609-2966,FR36 5922 4137 34YB XHHM 6LIJ 396,1565235583000,false,35331
93-704-1780,FO79 0079 7559 4247 78,1572682954000,false,63638
58-248-6844,CZ57 3240 2278 1714 3854 4080,1576519921000,false,32107
36-261-6786,LT11 0318 8097 0581 7924,1565813527000,true,27225
16-615-7500,GE63 SD81 7244 1785 8480 25,1572825207000,true,62240
49-755-7957,AE18 7340 2349 4502 7136 074,1589439287000,false,61130
85-033-7708,PL38 2730 0738 2866 3794 0127 6708,1583863201000,true,66217
24-111-4700,EE65 4197 3536 1437 8679,1580625430000,false,39433
00-106-6755,DE28 2520 2742 7508 2131 66,1569733598000,true,80542
42-025-0292,BE46 5339 1677 9171,1562678523000,false,74977
81-456-4716,DK50 9258 6686 4996 75,1579757940000,true,48300
11-588-4410,IL44 5081 3644 2920 4793 394,1588260509000,true,65170
13-513-2709,ME69 1966 8521 6067 2944 40,1580411823000,true,63436
84-923-3923,LU94 269V 37ZE CMUH MSH3,1588181213000,false,75378
36-913-8617,LV97 JUBH DCNI KDS3 H7NL 6,1570111986000,false,23039
71-675-3933,LB38 0631 NGK2 KGZA WIHI TYGX R78R,1574962071000,true,12800
46-624-9178,FR85 4432 3268 62W4 XBUB 4P6Z 869,1574493267000,true,68978
27-927-2386,SM93 V981 5092 027P TVV7 RFDU YLV,1575839679000,false,51878
93-895-3180,AT87 8498 5343 2140 1896,1571011547000,false,29702
60-615-5022,ME53 8994 9725 9622 3999 94,1574103136000,false,91642
53-861-1663,BE58 9284 8271 6327,1590109875000,true,76199
13-833-8822,KW72 EGXD YAXO ENGK 1MNF 6LWD CAEI 5Y,1576806013000,false,91367
63-046-8996,SM55 D838 4734 875H 3MRR 48KH BTI,1584969544000,true,40460
17-447-0924,LB59 2562 KLKM QQZJ Z1XQ VRCX MEY0,1586397858000,false,26444
98-194-3747,SI83 7577 2384 6723 900,1589507070000,false,10584
95-274-7657,GI02 NTUF YWRS FDP3 BCS8 WPP,1590566139000,false,71822
07-841-3859,DO93 TUO6 8784 0809 8465 8904 4636,1588336477000,false,77775
23-652-8383,ES49 3266 6442 7870 5786 2450,1581268876000,true,77824
82-382-4161,FR88 4234 4595 79HH S4AD KGJT T82,1581463059000,true,52428
03-480-4413,BE34 3269 3971 6643,1580778503000,false,48685
34-316-3117,BH63 BPSU DKDA CE5E TNDD GB,1574779717000,true,69946
97-279-2279,LU62 607K N0HZ Q0RT 83J9,1578228297000,false,62607
95-156-6775,DO10 JNWC 8753 8755 7083 4273 3822,1578404472000,false,52295
59-337-8173,MR91 0805 4237 8268 2068 5269 559,1577499022000,false,11242
38-404-0987,AD41 4267 2985 KNJB CAEJ 1NOC,1578891483000,false,47079
59-380-1788,FR54 1289 2575 86VR XCF0 L2EB 421,1580255629000,true,65523
23-087-9365,CH04 3574 18Y1 MDCZ LG03 7,1586413427000,true,89172
90-292-3636,FR24 8707 5233 41EU LMJY 5S31 K75,1564203958000,false,96051
75-181-7889,TR27 9483 4BAV ZEQL JPWM UQFT Z5,1581586190000,false,88826
61-498-5970,FR79 4678 9111 53XW VTL6 JHWD I66,1577236342000,true,79867
65-048-5098,ES13 4907 4254 0521 3042 2549,1567835466000,true,65605
14-577-4312,IS96 6466 1911 5783 7166 0168 66,1588539062000,true,54392
93-075-5118,LI43 9144 5TXX VDET NDXL U,1590343736000,false,65189
32-245-2425,SE63 2180 6139 8034 6293 3726,1565661205000,true,99567
62-337-1103,FR03 2803 8933 787C LQIW 8NMR Q86,1571357699000,true,63909
41-148-5887,FR14 2617 6429 11DD U6XR H7UQ J38,1566870994000,true,15470
88-396-7293,GT04 SHZW MJQB R0QS O0QX XFZE 2ZTV,1561764900000,false,73142
56-246-3097,FR92 9321 9754 25M3 V6JR MM4S K13,1568585091000,true,10080
63-983-5910,FR07 9339 2208 66RG BSVM 3HD5 E91,1565361021000,true,12239
64-438-8217,BA92 0361 5087 0249 3888,1590583308000,false,13620
91-337-3053,MR78 6498 3761 2240 2661 9133 321,1585033919000,true,36360
06-976-5819,MC55 7343 4892 81NH LVLE CRWO 288,1576190287000,false,23105
67-455-2811,RO14 KRYI 7IOX B3JV 2MJE DO5E,1575418065000,false,44711
74-011-2381,SK22 0416 3175 8262 8031 3722,1591867444000,true,58644
16-178-5110,FR21 4612 2541 80GY FZK9 INKG D97,1584089665000,false,65404
39-997-3431,GE68 DY70 2019 7521 7643 37,1563246855000,false,46400
87-641-7852,LB53 8429 0LJB CYKA V2LU E5YC NSJG,1586863041000,false,31282
91-514-1577,DK49 0512 1966 9245 43,1581217136000,true,12595
64-307-6452,CZ57 0453 6003 9086 8067 9355,1562675793000,true,69872
03-126-4616,CY74 2156 5711 5GKU DPKL D23W 6UUZ,1577010110000,true,36181
69-570-8893,PS44 NBYQ XSH2 IVBX GT1W GTIV ILCG X,1582630288000,false,71815
08-726-1428,LU26 228G YHQU ATWP BZSD,1578112970000,true,82917
27-057-3555,RO87 KFJZ 6ACE 2CXX FDDW W5LM,1580599042000,false,32436
81-153-4137,FR94 3176 4949 417V VC5V FAGU N10,1572643349000,false,37186
15-655-9508,VG16 SCWO 6184 7708 3075 4566,1581985633000,false,20360
44-980-3175,AT06 1776 3465 8871 7685,1577093376000,true,52169
99-672-2462,AL31 9149 3519 GLIQ NX5Y 003I JQPU,1574973239000,true,24462
21-546-5706,SM42 B149 5358 865F PELM FOVB ITT,1580282560000,false,65932
49-225-8368,FR95 4136 8190 62YC EQOZ SCE5 J20,1587856131000,true,18925
03-827-6910,LB63 2457 GG1R DWGT CVXY IJM6 4R9K,1566979835000,true,96038
46-225-5591,SM55 K228 0639 093Q QHEY N2SH NAA,1584265774000,true,34018
88-824-4360,FR47 3624 3896 90IS EOCD MSTP 033,1581089887000,false,33913
06-075-2631,CY03 1289 4418 QDM1 L9CO AQNS 2BTS,1572509166000,false,63376
06-716-9685,BR49 5155 8531 9946 3096 9618 677V O,1561307576000,true,10208
30-162-6429,BA17 8629 0958 1838 3166,1575541490000,false,37402
14-031-2809,IT56 F664 3669 6234 6NFY 2QZV A34,1581842328000,false,18136
83-158-1792,GE15 WI73 5349 1650 5699 51,1586893328000,true,45541
28-682-9724,BA76 6103 2384 7287 5567,1577283624000,true,13839
78-232-1798,LB79 3012 YR8T QG2X QNAS PWNH VVAJ,1590658465000,true,81427
38-997-4707,DO08 T3YO 1427 1442 0290 4917 3732,1587050025000,false,99792
03-931-9315,IL40 5934 2599 4200 5145 795,1562788426000,false,60702
15-451-4442,SM75 G114 3345 222K TV3V HTND WDY,1566706133000,true,26106
48-592-1405,ES98 9365 3547 8352 8065 4380,1572304298000,true,50612
60-903-1859,TN66 6594 1993 6023 6926 2767,1573435766000,false,92605
59-123-5062,LU40 623N ZII6 KZ3S WO4J,1582978873000,true,18040
83-044-2870,NL31 GOJP 4028 3657 26,1579104328000,false,10556
03-002-8417,BH90 KXXM HCLZ XLZ0 QY6V AB,1583307812000,false,79978
56-453-5061,KZ41 266D WSU2 CFB6 PDSQ,1579628574000,false,17616
65-838-2920,KZ24 154D WNMU 7NMJ MUV3,1563921692000,false,27191
34-644-8712,LV28 KIDB YIWE SABM WKLW A,1567973156000,true,49292
35-532-3561,DO55 WDQA 0627 9376 1428 5466 4466,1574093090000,false,60723
47-767-7601,GR43 0861 003E ATWV ROQA RFTM V8P,1590183510000,false,22360
06-422-5581,FR29 9698 4068 86MW PHPZ LM3F G77,1590138452000,true,98238
18-957-0443,BR51 1481 2421 5430 1030 1093 132Y H,1570447249000,false,31769
71-305-4294,GL27 4635 5223 6737 18,1589478579000,true,15046
66-442-6470,KZ72 886V OQTJ YVRH YADC,1586599726000,true,95820
90-014-2014,SM67 C639 1035 199Y 1ZJH BEJV HBX,1566605511000,false,54106
32-688-3361,CH06 9079 6I8T RNVG VXFM D,1573670952000,false,34967
41-650-4060,RO52 RNLM SJUR 24YY DRKQ NL5D,1568398473000,false,12887
89-706-4649,CH59 3297 4IME XTV6 HCPZ 6,1582455372000,false,65576
80-926-1406,PT28 4115 9444 4783 0091 7485 2,1577352037000,true,97457
73-039-8771,GE71 LO49 8139 5335 2686 57,1580185357000,false,77648
87-112-6205,FR56 3257 4184 475U HEKC OJAP L86,1581461845000,false,58510
33-910-9878,AT63 3846 4000 7547 9383,1565116350000,true,66436
70-920-0593,DO50 PJD6 7710 4168 2740 5014 7029,1588320886000,false,35429
32-781-2064,BE30 9160 1895 8493,1589665253000,false,70244
73-987-3750,BH68 HBYJ ZWH1 RNA4 D5VY PW,1591219243000,false,19646
84-745-1067,FO36 9522 6812 5743 26,1568037495000,false,53327
63-563-1685,RS81 6839 5402 4526 7381 74,1564070793000,true,42758
01-127-8485,EE54 5737 1147 1229 9694,1572683952000,false,60109
39-027-7103,PS47 LCAF LSG0 PMVB J7TG YCBR NZRO N,1584131476000,true,91563
77-720-2487,TR22 6838 1DHG KDV7 E8NO XWPF R6,1590563907000,true,95861
55-083-6246,IS36 7208 7137 3670 2356 8089 82,1590270781000,true,59774
13-622-9677,CY15 3392 7147 CQBX AJOS HIKX KWKP,1582992238000,true,47293
09-455-0232,MC86 7534 1135 792Y YLYK ZANC Y99,1590372106000,false,55022
08-809-0861,FR69 2166 3046 90KL BMCY LSFM F33,1580954055000,false,26650
80-745-7276,DE51 1761 3975 9913 0084 14,1566385173000,false,36455
56-178-3891,ES27 4429 1436 0042 2240 5935,1592603887000,false,25636
92-994-9340,LI88 2980 5YXQ 2QKD QAUV U,1575335619000,false,38236
05-429-7680,CZ65 1986 1732 6939 3020 6187,1587181600000,false,85005
05-885-3053,FR36 2960 5765 11AN 9RXP WNRV O70,1570267975000,true,86849
74-123-6118,ES78 1219 9818 3961 4850 3601,1566105238000,false,71608
35-521-7154,KW57 JRQJ HDW3 XK4K 0UBZ IZG5 QSZJ 7W,1575240528000,false,67126
18-710-1136,GL15 5588 1890 4263 25,1571330325000,false,55984
03-603-5017,BH95 LOTJ UQL7 GRGO 7YRS H1,1574469693000,false,19054
56-101-5892,FR20 3587 1728 87SV TJOU U0G1 J26,1574417163000,false,40061
64-637-0439,GI40 GOZR YZMI YL8W FCPR 5BX,1565747285000,true,61055
10-849-4543,IT95 H655 4110 557Q OLIE MW4Q 61T,1590637151000,false,29048
49-458-7097,HU53 3804 1129 1871 2613 4074 9642,1579486001000,true,92712
41-772-7721,GE56 BP00 2962 6029 5003 03,1571275906000,false,52258
58-435-6800,IE18 SNJN 7057 7769 3862 27,1580746897000,true,83843
82-434-7218,FI91 3545 8975 7665 19,1561526926000,false,62357
66-920-2962,GT54 JFIJ SKHC M6AX U0QA GQWR NB0Y,1586208125000,true,29995
17-526-9708,PK95 TSMP ZALL KVVI GYZC LOMK,1578964575000,true,74854
03-451-4084,PS43 ZZOC AG8J 2IOR FSJV VBC1 D2MB A,1568094677000,true,22592
75-804-4927,MC97 3311 0554 97WG Q0HK BY7J N96,1570833301000,false,92564
37-163-9365,VG33 SQRJ 0226 1088 9496 7331,1587348833000,false,39166
86-799-3825,IL79 5007 1231 9686 0070 660,1576805995000,false,63587
74-219-4977,MT79 MXXQ 2302 0UPP NWEN 3KTV BAA9 PCH,1573000280000,false,51303
16-385-3798,KZ51 497J O0JN IHET XZH0,1590050492000,false,89937
90-870-1205,FR51 1659 9584 81CB 2NWL XCDC N67,1581159256000,true,53860
66-774-4298,ME81 4325 8285 2516 0383 09,1586612218000,true,32246
69-033-2030,DO82 UZMR 5489 8593 0107 1463 3623,1565509266000,true,81852
57-547-0000,FR74 3670 9409 55IY MYH4 QQF9 O20,1579678920000,false,18534
92-747-2716,PT98 1051 8570 3136 0476 6045 5,1565951874000,true,69202
02-371-5354,LI71 1830 2X6V WVMD 483O N,1576980483000,true,54221
18-575-2330,FR56 7937 7052 37OA OQ7I WWD6 Z11,1572021016000,false,89036
85-788-3854,BR73 3700 8740 6062 0188 4564 697J Q,1578676245000,false,61528
21-529-4610,MT19 OFHN 9895 8VBF ZYZZ GZYM VGG0 OQM,1585369152000,false,70691
04-818-1118,KZ35 830J 44HA RQLK 7M9F,1570717167000,true,74502
51-325-1900,AZ98 OQII XOEW LVCV ALIV VZAW ZKRU,1571160044000,false,95891
68-995-8984,BG53 UMHO 0815 42F3 F9T7 XN,1591633827000,false,80747
96-446-1125,RS66 3081 8153 6440 6677 21,1576928091000,true,45835
60-010-3576,BA14 8471 5192 2344 1172,1580295695000,true,51424
37-241-7999,IT50 A842 7818 516M Y6HL 01OS 5WJ,1582685641000,false,16656
05-873-0592,TN14 5075 1935 7113 6578 6796,1586810600000,false,92215
10-631-7229,DE53 4832 4121 1305 0723 32,1584222084000,true,80290
91-212-2315,MK22 324P TUGQ 06CH O46,1576400237000,false,87264
87-052-4109,AE24 1999 4191 2552 0242 726,1568669982000,false,88516
35-237-6275,GR21 2591 459Y AVVW NMLL FVWU MR7,1580192082000,false,20990
00-895-8131,NL81 ELWT 1299 9331 31,1583205737000,false,87853
91-899-2282,FR53 1168 2249 01EA EHW3 2C8M W53,1562907122000,false,54102
28-117-3679,BE09 6815 3567 2669,1565899436000,true,39052
68-233-3867,MK61 114X BPTI QF4E 995,1583906612000,true,87853
82-365-2809,FR28 5821 9484 16ZL SDMI PGIM S64,1578624117000,true,38446
08-530-1170,MD91 MMGC JJCO XNFA PJMH GZ6I,1576417198000,false,68455
27-587-5052,GL68 4008 3875 2989 43,1584089303000,false,65971
00-337-8411,BR49 4596 8879 3424 7298 8650 147A U,1581704929000,true,85689
70-349-9696,MT76 BNJV 0959 3Y5R PY1I 6A5X PC3U TID,1579445476000,false,59070
94-751-9162,CY42 5522 0020 L9JO LFZU FWRB D2HV,1580905229000,true,59817
46-816-9577,KZ26 5156 GGF1 GPKY CEJ0,1573156185000,true,80817
05-190-1088,GT42 ND1H VT8A HBDM UB0D SJGZ A7XA,1567988381000,false,25546
96-792-5919,LU93 973P 0XCD 9HYM RVZH,1569418229000,false,30426
39-801-8358,MK24 929J XHS2 94QC C96,1581136404000,false,23764
74-327-8577,GE96 PQ33 9267 5879 2605 98,1592271104000,false,96814
11-655-2120,BE14 8456 9359 8814,1575370313000,false,52464
37-280-2122,IL54 9082 8744 1107 8400 593,1562390627000,true,13357
83-551-3611,FR60 0849 9025 48SE GDBC RGIF I69,1569280731000,false,25221
49-326-2230,FR97 7764 9697 07MV WHSE XNEI L30,1583270673000,false,48294
69-287-0191,FR54 9813 9047 8186 K47Q EM58 Z28,1590435770000,true,15683
51-821-1271,ES38 3465 5853 2269 9657 5788,1561820575000,false,76799
95-935-0194,ME94 6998 7100 6078 8777 67,1585927072000,true,76861
33-307-1863,IL20 6948 9253 5872 2804 049,1569940670000,false,73808
17-884-5111,GE76 UI39 4829 9994 0254 14,1569795185000,true,32945
59-455-2265,BG20 HCOC 9701 04HT ZHBT R0,1570615541000,true,32841
95-281-6793,FR62 5934 7578 35FE 4F5J 6SD0 Z47,1585992408000,false,71686
89-220-5418,NL08 QMHI 1727 3650 49,1572846841000,true,91930
70-953-9768,GT52 3PIG NOT5 9KM1 EFE9 T6LG WBRI,1566284875000,true,47264
84-145-6070,GB60 HMUI 0184 3134 3989 53,1574745124000,true,32268
54-932-7124,FR12 8234 8551 86QV I4J5 2GD3 480,1565678814000,true,99155
69-424-6281,CZ81 5940 4488 0292 9167 1760,1565328188000,true,29163
51-421-4736,MC54 2669 6702 73I3 NX9D 0AUY J22,1571020973000,true,33156
53-098-2003,ME04 8036 2973 9329 0991 87,1568579433000,false,64422
06-500-1279,AD37 3750 3620 ARWF CEZM ZYD5,1575276455000,false,95038
79-374-3860,PL60 1657 7049 1476 8231 0196 2786,1580801042000,false,73839
78-034-5801,BG16 QZQE 3764 09KJ OZK4 WT,1578601710000,true,33492
54-736-5706,LV64 EHSH V2N5 RYBY L9AV D,1570974874000,false,77575
11-505-9632,GE35 PO23 1745 4338 5142 31,1584497559000,false,11207
69-676-1100,FR95 0395 9767 72SL GOEB R95N E38,1579804164000,false,29879
80-330-3167,AL67 3253 9926 OH4Z KSIP TZMI 08EJ,1569521425000,false,57038
36-306-4609,LU88 831F XFBT RX2U DAQD,1574978446000,true,24638
47-222-8635,FR09 8462 6485 36AT P1L4 SBEN I12,1592684326000,true,78377
50-086-4688,PT52 4423 4494 4885 4704 4405 4,1562271478000,true,97566
49-384-4882,LI39 6013 7EOT ZEMZ 7ABT U,1575044198000,false,53512
16-187-0914,FR97 0607 8680 52HL OMK0 WBEY C87,1581388640000,false,75798
51-664-2434,RS27 8817 8652 9535 0558 03,1572914793000,true,62205
48-307-0527,EE91 3255 7970 2843 7774,1590718303000,false,82648
28-568-4387,DE63 7187 9232 7622 6515 39,1588746806000,true,20116
17-401-2331,GE87 TO34 2160 6700 1269 65,1587013453000,true,91613
41-904-8287,LB02 9967 PHKZ ECU2 IHZ7 T48W TZNF,1569820964000,false,11033
16-805-2164,DK72 2261 9747 3917 58,1561438195000,true,84316
04-161-2442,PL03 2605 2848 1392 8375 3322 7764,1591123554000,true,56207
14-829-9035,AE40 5364 3903 1224 9560 865,1589961852000,false,93802
05-188-1796,FR46 4819 0308 78BG IMIN GWT7 M56,1569395548000,false,89607
87-493-5519,CZ58 6528 6060 3869 4435 3428,1579939531000,false,20352
14-010-2597,MK12 145C OKE5 AVHF 291,1581281768000,true,41973
57-791-9966,CY47 1972 2056 XM5D 3MHA M5F4 SCLY,1581505396000,true,52071
45-131-6190,BH44 AIRE TEGZ ZBAK FKDR RK,1575498979000,true,79207
50-290-9502,FI50 2093 3872 8945 12,1567818182000,true,42543
14-369-7725,MU45 IIIO 8375 3168 6126 0544 195J BI,1588627480000,false,38309
16-811-5703,LT90 9155 9619 6126 0819,1591614284000,false,39061
55-440-7365,SM09 A445 8706 377D ZEPQ I28U PPT,1578780813000,false,48188
16-253-2824,FR64 3757 3517 32PC Y1GM MAVW U44,1584493183000,false,35879
63-539-0379,KW97 KGVB AWAL R0SW VOH6 XLOQ 8HBB JT,1574248034000,true,92903
09-258-3869,CY26 1246 4308 P14O DPOC VXV2 EOLM,1584482716000,true,99009
84-001-5821,FR71 6250 6236 59MM NXAS K98Z C42,1570987808000,true,88518
69-780-2152,GE98 TZ14 5476 7102 2691 54,1592828747000,false,61466
48-171-4065,FR79 2360 0253 37DZ SJ5N K3LM L41,1581176739000,true,60537
53-153-8429,CH82 0999 39VV CA1K 8I5L J,1592066248000,true,63802
89-860-1520,SM20 D293 3739 297O H41Y DRJ3 8JN,1588910149000,false,51613
40-347-5056,PS59 YTDX QWUM MHTY VJJY PHAY KN0R M,1575728333000,true,47561
18-352-2927,BA66 0004 1423 9971 6064,1589924090000,true,40000
09-376-7097,FR98 0127 7212 6936 SARL 1XJE W31,1582940896000,true,89183
65-533-7135,LI11 8230 3E9C DLQM KAPI B,1584178319000,true,16157
07-041-8493,SM42 P978 7420 169C WVJI 4ORW BMO,1565170445000,true,50859
74-141-5131,FI55 2621 0905 9838 70,1566809400000,true,57751
99-658-0760,LU85 377U FPG8 J3AK AT9Y,1564811944000,false,59299
12-282-3289,BG97 QYVY 6670 491G OWQZ VY,1573322901000,false,24658
98-001-3567,GT36 6KH4 7Q7A BPL4 28NI EFKF HF7B,1566750396000,false,62884
71-837-7630,NL97 GWCL 4817 4687 78,1592790677000,false,31228
56-839-6843,FI35 1845 6212 7094 09,1569593173000,false,92905
00-005-0095,FR77 9622 5383 04SM 1W4B HSLA 385,1582362539000,false,48942
35-152-0917,LB79 8568 VJII FDUV Q3UC VM56 U7K7,1568269087000,true,65475
15-476-4265,LB56 3051 JVVM QAAP SGQN PYSK TEHT,1588345213000,true,94131
33-603-1584,IS07 8975 7792 8420 4041 1384 91,1573136539000,false,52754
88-923-6461,DK90 9881 8906 6407 06,1562701785000,true,86670
83-024-7605,DE41 0270 3223 3618 0329 18,1588772629000,true,27869
45-782-0910,BH12 JOZW MJRO KBPI SN3O W5,1580524583000,true,44792
05-712-5369,IE02 KJLS 7451 7339 7158 63,1576775631000,false,70735
13-841-5433,MK67 141Q TH6J YFQO 093,1575695545000,false,56000
28-605-3879,PK32 EPSO 6ARW NDFF ORBT OG5X,1561270308000,true,43485
61-914-8228,CY94 2821 7700 WCQF FTLP NI7M 3MXP,1589756148000,false,41759
88-966-9894,VG16 VDXB 4246 7639 8489 6421,1572359633000,false,89604
25-542-9467,TN73 5800 7079 5706 3783 8188,1569292947000,true,78437
62-021-3841,PK07 DFSI 21T2 QHHC LUVH QVNK,1590750800000,false,29483
15-136-1376,FR55 9665 2692 86PX 35L7 HULL M85,1579967293000,false,82537
48-070-0043,RO40 QKKV PP0W LHOR EYAB ASZW,1585716553000,false,45556
53-194-1462,IS26 7342 9471 8211 3589 4770 98,1570636454000,true,50671
06-757-7865,GR21 1451 103R DVJJ TMGI D0PK VL7,1578515654000,true,76508
20-759-7679,PT47 6698 5111 7510 6221 1259 2,1574145205000,true,22511
51-267-2827,FR45 4016 0613 77TJ SVUO QQ8Y 192,1567908009000,true,71578
15-466-4903,AL16 9638 5618 NYIO UP8G RZP2 BSFH,1566834295000,true,47613
95-276-6257,DO19 YCGH 3538 7138 7879 0566 3575,1580110359000,true,63498
17-220-4881,CR22 8929 2489 6852 5425 2,1570365015000,true,47159
65-078-9262,FI66 3080 8891 0554 04,1589659474000,true,38363
00-183-4935,ES87 7301 9551 2439 9460 6192,1575051613000,true,63831
43-977-9352,FR26 9154 5648 68FQ FOP1 F2AU M26,1570484188000,false,89216
61-521-3216,FR30 9648 9669 24P3 6FZV VQTM F67,1590022146000,true,55824
95-442-8949,MU57 OXPU 6994 2263 8074 0177 900N CJ,1562921959000,false,83303
41-405-3103,MD56 G6AW H0MM S3SX 4GCF 7X3Q,1573036204000,false,96376
62-693-9834,LU28 578K DCZF YHXB WFAE,1572450182000,true,22725
53-381-9837,PS16 VQOL 2ESP FQ2Z MKUK CF9C ZFFX X,1564456575000,false,30407
60-701-8599,NL25 RIXH 4443 3291 25,1563966211000,false,76565
81-224-3127,FR19 5610 8685 36JV QM0S FDIY 092,1561577416000,true,59555
70-026-8658,AE17 2176 2996 2239 5977 271,1584915629000,false,98112
75-367-1099,FR34 4620 5009 97NY QFOA SXLT W07,1574009452000,false,65517
85-263-9489,GR58 1707 691R ZZE8 M48G PTZC VQP,1574483473000,true,25473
60-213-7237,IL92 1139 6721 9608 1201 500,1583532356000,true,72345
38-146-4458,AZ15 DEPH S1CU LSHK MOXI MPYA GFID,1578101251000,true,69377
08-914-6522,AL56 5839 3798 JSZX RYJZ DSPW X881,1576142313000,false,72993
09-743-0399,MR53 3138 1619 1835 5743 9769 382,1577025761000,false,80165
94-226-1882,BE76 4087 9548 1956,1587365433000,false,96190
02-604-3219,FR97 9567 5892 23CO E32V HPR1 G74,1568470863000,false,41227
35-402-4134,DO82 FPUO 9457 3243 4466 2171 8233,1577256281000,true,23324
89-944-9687,BR98 9060 4394 6856 6090 3249 260F Q,1572304267000,true,87503
16-354-1112,DK33 1606 8270 3048 69,1569499813000,false,27730
78-228-3487,TR36 8758 6OIE C7KY ARUR KYY8 VP,1574990780000,false,72910
78-473-0600,BH76 FBZN CYHS W6W9 DG7X 39,1591853771000,false,85133
56-226-9306,SA93 42Q3 K43R POOC RO1H ZUJB,1577941434000,true,96544
13-551-5970,IL60 8858 2828 9962 5521 809,1567574265000,true,10808
33-034-7457,FR94 2852 5455 56FQ VVRA LK59 Y54,1573905939000,false,71269
23-195-0783,NL74 WHEK 7820 9305 78,1580371786000,true,67955
47-138-6101,PT41 0126 0246 9042 3557 7436 1,1572513229000,true,77964
13-655-8486,GB50 PMDN 2280 9504 8169 33,1581523493000,false,36637
08-647-3294,SA41 75XX CG8J FVH8 ILMP PZBY,1572151458000,false,59069
85-106-0983,CH54 8804 2CSU DKVZ ENQI T,1591377545000,true,21031
75-703-1683,RS73 3139 3385 7210 7694 02,1566933716000,false,24455
05-441-8610,FR38 4353 2096 63PK Q1UF DIBO B70,1580143088000,true,53627
52-849-3660,RS15 7398 1268 9567 9437 13,1577316348000,true,52808
46-419-2825,AD97 7357 0400 NGDA CELC EMGM,1577560300000,true,63278
93-212-2433,FR47 4620 4167 35GX IFJ2 JX4P H56,1569082269000,true,53658
00-098-7481,AD09 1169 7563 QD5H BMBW LGMS,1584016316000,false,26736
64-132-5609,SI38 4028 9678 4779 671,1576923581000,true,68417
14-960-7553,GE78 LV07 9519 4213 6204 15,1590257038000,false,61141
95-006-1699,GI95 SRWO BK1Y UCY2 GONH VO1,1561503077000,true,68175
23-974-3383,NO94 9516 6587 283,1571331967000,true,54970
72-269-3582,GE68 FT93 2203 3322 5426 57,1575277243000,true,71028
90-842-4442,PS06 DXAR PE9W 2GFI GBUI WUKM UWGW H,1589694851000,false,84663
11-117-7438,HR84 6608 7559 6359 8726 8,1582921943000,true,92156
61-765-3233,DE24 7157 8795 9144 3149 23,1569349747000,false,84070
65-149-6439,AL16 0263 6694 QTJC F3X5 HGWI TLH0,1561989026000,true,10353
35-712-6730,IL30 3241 5839 6570 4984 122,1591422785000,false,77322
60-083-7298,ES03 1909 3327 3676 9752 8056,1592393948000,false,15117
47-160-2016,TR51 0693 1Z03 HTLB RFEF RQDB GQ,1575975127000,false,20139
35-977-1482,PK38 RPVD CKQK DCMZ M1Q3 QKXC,1578583127000,false,93316
51-500-1622,LB24 6159 FYH8 2XK6 S9NK ERIQ 0X1Q,1585660431000,false,22899
99-037-5852,MT58 FMMK 6702 9XFW JGKM 7TOW PILY QRH,1569699238000,false,52124
98-945-7244,PK87 JEXN XYST 6QCL 62IQ TEDF,1586119824000,false,53256
97-427-0500,LI21 0161 4VJC DZLY XSAZ 9,1571252249000,false,31069
50-081-1815,FR70 0494 0803 80VE R3BN OV94 O19,1571491392000,true,79145
58-288-8563,FR84 9601 7162 140Q NEDK TENX H93,1563779836000,false,80696
93-355-1004,TR74 1521 1ZJ7 MIHC UDIW DSSY 1R,1568020691000,false,95260
86-877-8388,GI25 EENJ 7C0I ZFRO OEJC X1L,1568513360000,true,52702
39-134-9665,PK24 YTEY 30GO GMXO R9SB YAUD,1587461057000,false,54108
57-815-8706,BE51 3504 4464 7018,1584540434000,false,97068
16-556-2752,BR30 6327 3504 2003 5561 5414 784I X,1581775609000,true,99267
37-139-0227,GL60 9134 4709 2829 30,1573501780000,true,83343
68-080-3387,PS76 UOVU TPRR ZDDW ZRAX APMQ 5QJO P,1573278869000,true,83584
84-094-1549,FR77 4363 3136 948W GKLW HRYX 741,1591519495000,true,75853
76-284-9363,CH42 8319 04MR 5KM1 YUTH Y,1575461379000,true,65678
18-971-0280,BR65 2945 5028 2813 6623 3395 638I H,1570005951000,true,64496
92-763-3412,FR20 4131 4426 04SL AATL GSV1 S14,1575585970000,true,93541
08-620-5228,GI82 GUVW 4USM ORYA ORAO 0RB,1588791870000,false,80233
78-177-6773,BE75 3662 3872 6682,1590900241000,false,64483
42-733-4916,DK20 2151 3003 3163 32,1563084938000,true,63736
24-425-1602,FR45 8784 8895 98VB OJUP GCCX Y64,1578418687000,true,31498
02-177-0749,BE84 5389 8278 5362,1573652938000,false,13038
87-612-2460,FR61 6987 2565 51GE HWAM 45NE R87,1562359496000,true,81759
42-028-0226,SE49 6169 0630 5009 5302 9216,1576844009000,false,28633
45-373-0052,FI85 5823 7273 7644 94,1564098991000,true,72972
94-614-1465,FR10 9342 0340 63OW EWUV 8O9T 842,1582242991000,true,91424
80-931-8661,SK92 7636 0049 1405 4849 1170,1579346955000,false,88265
52-094-7274,CY16 5323 4317 RJO6 HBCJ 8ISY PZTT,1584369057000,false,55803
59-926-2366,FO86 2463 2462 2892 85,1561860664000,false,55787
75-854-8211,BR02 1119 4157 2925 0512 7001 577F H,1591611922000,true,97035
23-058-3634,CH57 5562 9JIB N9QN GPDK I,1590925041000,true,30330
12-185-0892,BA33 5190 4547 1431 8062,1562347836000,true,76908
40-312-7786,TR91 4544 7ZCW TVCG QINB EAMU VF,1576280585000,true,66306
52-645-6604,TR45 9077 4GMI 8BQM LKOG 0RJV 2K,1571524872000,true,91298
20-028-9168,DO11 UWRE 9212 1542 3288 8487 1185,1581599523000,false,45864
05-241-5958,AZ27 AEJV CERX FVV5 QPPB YM2F GNVH,1566929927000,false,74121
02-379-3445,BE76 6294 8595 8985,1562376773000,true,65113
13-940-1994,CY94 7321 2689 FREI 9YLS AYDZ 96AR,1580740485000,false,30950
56-655-2892,FR61 8330 5864 21R0 AJIK MNKN U87,1573791447000,false,23634
57-733-1290,DE98 2972 9437 9602 8962 56,1566040597000,true,51996
69-662-6261,CR18 6229 7805 4823 2723 8,1566083170000,false,78352
07-610-1441,GR65 8261 594W RIU1 6V6C UQ1K I1Y,1561447983000,true,35752
44-379-5984,MK90 8583 2JAG HZSD 789,1572206516000,false,79588
06-551-7916,IL25 1070 5810 0944 8930 915,1579833446000,false,90236
48-221-3007,EE47 4032 4298 3479 6702,1588704022000,true,10648
93-743-5176,NO35 8686 3150 695,1576174319000,true,69918
25-698-0971,IE03 EZDJ 6682 9010 4918 92,1579362882000,false,13175
60-874-4837,KW92 PQBU CLJX ZIWD 9BZK EHVE RIOV FM,1583910517000,false,17834
14-054-1015,MR82 4077 3130 0632 6688 3246 391,1580245920000,true,39742
32-079-4464,GE97 MP09 0976 1029 9143 35,1566780749000,false,31335
19-973-6600,FR06 3763 1343 288R VTZX X52O S54,1577013699000,false,23194
43-322-5906,FR90 2065 6619 5484 I9U4 T3I9 H76,1582990943000,false,60301
06-703-2743,PL71 9513 4079 8275 7838 4961 9817,1587796124000,true,60897
60-092-9176,KZ61 082C E2ZM GSQU TBCG,1586623218000,true,65664
45-539-8448,SI98 3903 4573 9738 030,1582082569000,true,78823
95-783-5655,FR71 4353 1017 75HO ACXT 5QDH D21,1591894062000,true,82102
14-404-9289,ES53 2089 0272 9807 6482 9716,1568211887000,true,21954
47-167-4902,KZ41 2691 TG9G BMBO YAF0,1569028857000,false,10183
04-332-1112,FO69 5536 1705 3107 73,1561835005000,true,30104
03-329-5182,RO96 ZVRS URNA YDKG YG5G IJWV,1575995563000,false,80796
75-557-6174,AZ25 VAMA L3PW 4TUK WJ07 JCF8 OKNZ,1580889604000,false,85306
01-232-5342,FR92 9437 1795 98VN TYJB TGN0 I55,1573958269000,false,85058
16-783-9414,AL26 7268 1717 IHZH PARY RUZT QOZS,1587121400000,true,84653
03-803-6256,DE59 1715 2504 4272 3854 44,1590494262000,false,51941
55-763-8043,HU77 9216 7238 7513 3963 8410 3434,1572442029000,true,34350
51-312-2003,DK14 6399 2477 7718 08,1585066247000,true,11009
98-040-1429,GI91 IKBS HHA4 UQNG LAMX NXU,1579525715000,true,72229
37-420-8138,SK12 2003 1620 0997 6907 1585,1589209596000,false,45828
76-082-8822,MD52 G5IN J093 XEPQ YWME RONC,1588743746000,true,63356
86-088-1975,GB25 FLUU 3455 4109 1388 58,1564022907000,false,23338
35-988-4311,BA39 7094 2809 8142 0699,1570305025000,true,96116
22-420-7423,PT06 3337 4414 5872 0758 8689 2,1575952559000,false,27625
28-084-9490,TR77 8152 4XAY JAVT NTN1 ILWN GP,1590150758000,true,47782
21-806-1664,PT61 5476 7438 1644 1267 5089 7,1567702820000,true,30207
24-623-0670,AL20 7867 9652 YTPY MAR3 0GZS A8ZD,1579820054000,true,34056
42-866-5733,RS58 5546 8456 9180 3057 06,1565852554000,false,18850
87-689-2159,FR35 0951 7035 59I7 HCXU EE79 P98,1565939237000,false,75631
83-011-4194,NO93 7786 2463 294,1586273325000,true,73943
17-967-7414,GR98 8239 503Q DJPX YKXK PKSZ WOI,1572551148000,false,90288
47-066-4894,KW80 HVQW EJRX U3GZ 3XFT WLT7 MYAC YJ,1583148189000,true,88911
31-309-1312,CZ05 2684 7437 3118 5631 0051,1572726748000,true,15912
67-502-6342,FR89 8600 8691 01MS LZ0E FZLO V93,1587184306000,true,12296
60-658-5166,PL29 3875 6324 3373 3468 3566 6644,1578385751000,false,58810
72-190-4549,RO65 SFKG WA6P SB7C ZNK8 DTID,1583870044000,false,89435
09-948-2070,PK55 QVAC SSVF PRKB U5TY XNMT,1575091515000,true,24718
79-620-2542,FR43 6596 9854 378C 5K2Y ATFR T03,1578713320000,true,40862
68-954-0669,LB78 2800 WO1F TL8P 4SCX CZBI QBZX,1569204199000,false,20092
55-475-0933,AL75 5330 5184 240J UCSL ALA6 V0UX,1589050363000,false,89914
20-997-5456,VG79 XJNG 7933 4642 3813 7997,1583396996000,true,88460
21-731-3778,IS81 2753 6122 0684 2661 7109 45,1572275705000,true,68520
75-851-5827,AD04 7535 5961 QON9 CVDE 6IYN,1592322913000,false,29956
44-337-9730,FR80 5387 0118 72VM SZVW K3EG A73,1585810060000,false,46832
74-640-9706,FO88 9601 9161 7463 65,1591606700000,false,48522
73-565-3991,FR79 2824 0992 30EN 9A6G JYKT J96,1570943004000,false,74487
30-800-6081,HR97 8531 6842 6128 0354 4,1567381727000,true,57886
64-268-8449,HU60 4823 4655 9167 5931 7771 9986,1562075464000,false,94508
74-463-3416,LV97 CKLA XJQH FZVH U9NS V,1580509242000,true,25200
91-078-6743,SI61 3531 8772 6950 454,1570557445000,true,24303
07-449-0967,PK85 QOCC LGRH AOT5 I8WM 6F3R,1588431874000,false,91239
57-618-6111,MU88 CLAM 8341 2893 1432 1810 115Y RG,1579113913000,true,44888
56-027-8011,FO90 4939 9428 7409 66,1588512098000,true,22958
20-449-1992,LT64 7550 9719 1466 2469,1573178796000,false,84758
75-018-8983,VG21 XPYW 7435 4972 1928 4986,1569145041000,false,60662
52-059-4824,CY30 7881 0571 6WOJ UZWO 7BDA YCVF,1564420624000,true,58590
02-552-0971,AL25 9902 1676 IDWW ATP1 RWZ9 COXM,1578994154000,false,82911
53-291-6761,FR20 9236 3556 31S6 OXXC TTRZ G60,1580650318000,true,67506
46-422-8674,PL80 1384 4510 7198 5828 8027 7555,1580997542000,false,78808
47-435-4687,AL27 4383 5185 OFXA V99Q G0CX DXCV,1568617760000,true,53324
26-972-0105,IS35 3379 1417 9711 8781 3574 19,1592450372000,true,14290
83-453-4334,AD81 6735 5483 OADU FYWY HQ8H,1577694720000,false,35738
71-191-1141,FR51 4948 3600 997U KBCQ E5MA Y39,1570029728000,false,51880
09-403-7746,VG72 BIKA 5008 6985 1201 0709,1573756797000,true,27168
61-661-0984,SM68 Y142 4422 9858 9CGZ 1ZLY CUE,1566558285000,false,99958
47-455-5596,SE66 3665 3121 1913 2168 1691,1581560076000,false,22395
83-060-2754,IS29 4742 5164 9005 9241 0586 39,1583856169000,false,31989
10-018-3080,CY12 9034 0534 TGMV TQ7K AD3C DTKM,1575899655000,true,37888
56-505-4051,GB29 WNWM 2655 4848 8316 46,1580096564000,false,41399
81-237-1399,FO94 9430 8721 3579 52,1588049610000,true,67345
41-669-2054,FR41 5336 1522 71LI C9ID EBV5 Z95,1561512969000,true,57492
27-731-3478,PK92 IETD KNCL O95R MCQM RYZE,1584385155000,false,95302
56-818-5586,ME89 0321 0581 6999 7094 65,1576136560000,true,51812
72-058-5405,SA94 56MG HKYC UL9Q NF3B MER8,1591887794000,false,60300
17-459-3262,AZ63 QPDU 0JSN NMOE AUDG UC34 JTJV,1589419630000,true,79823
56-750-8795,SK81 4513 7456 8701 7882 3226,1582731589000,false,56937
61-992-7515,KW52 CSLT G5NC D3KJ KWGX UHJ7 TEBF 2B,1568479371000,true,28963
52-487-3327,IE42 UMJK 5400 8447 5493 73,1582049644000,true,65352
49-156-7588,AL80 6817 1792 1413 SLNP LMWF ESVR,1588502192000,true,62070
20-394-8445,GR20 5393 427W UQST YO10 PBLD O65,1585354995000,true,24191
17-448-2724,FR77 7576 3488 805A H6MU WVDJ K28,1591991726000,true,76075
93-669-5990,SI94 2908 0466 7390 813,1583004668000,true,52906
45-203-6537,CZ18 4397 7522 9174 3247 0923,1564538284000,false,28326
14-299-8412,BA34 6190 2420 1909 6719,1572098670000,false,12811
53-619-8418,NL35 RFYP 8668 9204 56,1575514440000,true,86162
35-185-7439,KW25 WDDM 2XHM X4QE AUVB JBRX SHJB JE,1575987340000,true,38443
42-356-6301,MR36 1444 9242 8767 5525 2382 937,1564767547000,true,84898
62-553-4108,GE95 LK25 4078 4438 3995 42,1564223941000,true,71098
08-719-8139,FR48 3132 7067 90A4 YPYW VSBK S67,1571347706000,true,41610
13-549-1828,MT51 DJHF 7063 66K6 C98Y XALM CXVC BBV,1570730486000,false,98818
20-514-1482,CY22 0908 4300 U4PL ZJXR SOPQ KN7V,1567747597000,false,10141
69-943-5399,PT06 2765 8919 6981 5088 6915 9,1564497134000,true,62941
84-209-0381,BR93 6352 8259 7467 3321 1722 091M Z,1587324048000,true,64192
50-287-9626,SE56 4572 0087 0071 8222 7559,1567550510000,false,28496
98-070-4655,RO36 LUZH SATY GHIR ZGYV Q8IX,1581813120000,true,93695
85-022-6072,GR08 7472 551V AD2P LRS0 98JS R6S,1586617744000,true,94084
14-995-1565,SA58 95ZO B3R9 CHLA LX6J CHG1,1589277113000,false,94847
87-223-9922,CR25 7362 6071 0292 2309 7,1582556321000,true,17486
22-701-9174,CR16 4945 9591 5811 8245 1,1563846232000,true,60118
90-081-5783,FR91 4089 3444 17TC NLOV ATRA 285,1583297571000,false,63979
71-447-2152,SK86 0386 9496 8429 2458 4952,1564944345000,false,19408
55-067-5973,KW02 QLYV 1VRI XBUC 2BIL EPGJ L4ZX JY,1571883837000,true,56017
80-870-1339,RS62 3552 1440 8473 2116 86,1576639504000,true,58261
25-276-7414,IE68 YKSE 2516 4703 2216 62,1574656481000,true,90652
33-703-2972,BG31 OHTQ 8299 046X JR5J Z3,1585932137000,false,18708
38-599-8474,SA05 64QO RCEN O5Y7 HOVG DZ3O,1565845355000,false,58565
92-659-0121,FO08 0655 9994 8836 29,1573060179000,false,59139
28-307-6224,DE83 5372 2841 0850 3287 64,1582478063000,true,76738
81-915-0808,GB60 FFES 8644 3571 0779 26,1568357861000,false,83390
23-616-2599,MK52 384O DUBC RK6N 332,1591601898000,true,83085
44-880-0560,FR75 0263 1930 75KE SRYZ PRJE T01,1585542154000,true,43290
97-542-0010,FR16 9662 9656 74U5 FLQW VT20 G28,1581298062000,true,11127
09-932-6568,IE90 OGLX 0263 3728 8162 44,1577176826000,false,15721
00-655-0210,FR50 7622 3080 480H UWD7 CVPI W54,1570955984000,false,70596
91-969-0441,BG06 KNKD 4119 39QO UDEA JN,1564362125000,true,95152
74-832-0542,FR33 4876 7441 68NR 5MBA DBGF Y63,1563651783000,false,30063
26-132-7649,GE59 JQ73 4476 3339 7105 54,1575346144000,true,38089
82-618-0384,BH12 FXMV CLUX U0QH OSR2 V7,1579802255000,true,60793
97-296-1207,FR34 2746 2360 55YI KLWE AVQ9 T06,1584509426000,false,99289
68-515-0204,SA61 22MX IXWR VHHI HYSB M2TU,1561879505000,false,59875
63-761-7437,BE81 2929 6938 5373,1585761870000,false,33537
72-868-3052,FR26 9059 0402 78RD P8S5 MWAG H43,1576011564000,true,49212
38-064-5611,CY16 7095 6598 G5PR TDBR W1D2 V2WF,1573497521000,false,71745
56-956-9878,FR40 6171 0421 22XI Q1F2 5JQI R87,1570092077000,false,17428
47-430-2573,FR65 0970 3146 59LI IVGG DJOG 936,1584699959000,false,85125
40-141-3186,PK96 CJXV ORPD IYOS VFZB DRHF,1561781499000,true,76915
13-060-8492,RO48 ZIOB MDL4 1OFE JXTM ONSC,1571244875000,true,16549
82-722-0382,VG67 DFZN 6373 6266 0490 9668,1562026742000,false,86497
57-581-7297,NO67 2339 1108 648,1583748201000,false,38164
26-345-1822,FR51 6940 2249 66GT GSXK MLCA B28,1570099431000,false,48045
37-593-4115,FR93 0069 1147 52TQ C8BH JPD6 T03,1578840715000,true,91127
42-683-3489,FR15 5461 9959 98ST ISRA WOYJ E13,1588287373000,false,10627
43-419-5058,GB28 HYJA 2169 0034 2954 04,1572212661000,true,55659
71-626-1921,FR27 0807 8476 11JW IFVS NKW3 B54,1581418559000,false,59370
94-748-7940,RS72 5825 3113 1003 6526 82,1569714627000,false,26559
20-588-5747,LT96 3560 9556 8371 5011,1586183504000,true,38492
18-573-1300,DO24 B7XF 0109 4771 1635 8543 6644,1577173563000,true,29038
68-858-7572,AE68 2526 6001 3687 9072 323,1586254698000,false,26518
88-221-6943,AD06 0061 3075 GARF TOVP SV9K,1571205704000,true,18653
46-347-0241,SA37 34IR HT4W PW6E DMPR BEDU,1585720735000,true,87362
60-012-3411,IE94 FWLZ 5413 7436 0602 83,1574319914000,true,52784
70-312-0550,AT92 6749 5248 6620 4542,1589767320000,true,34152
64-278-8310,CR98 7242 1668 2051 8180 8,1581249210000,false,21464
70-180-0578,LT46 4518 7203 2948 9425,1571720689000,true,87048
66-491-5569,HU14 9349 0834 7711 8169 3719 8753,1568153158000,true,21130
77-754-1339,MT42 SHYN 4176 5YSZ 8EHN Z8NY UC8Y RRL,1562163313000,true,39699
11-816-8172,HR69 9131 6286 4390 1682 1,1570554303000,true,12502
12-565-6316,CR64 6880 6808 1586 3428 6,1562039410000,true,38262
22-894-3873,MK64 408I O6JC F5UC K65,1590638825000,true,31798
56-400-3529,BR16 0318 4419 1136 2712 5105 176L 5,1582110296000,false,73403
78-003-5852,LT36 4050 5780 4609 8771,1571530970000,false,82301
22-375-6182,TN74 7670 5184 3387 7050 0013,1573418981000,true,93967
10-712-0136,FI33 9327 7927 7217 70,1566298875000,true,46353
58-799-3283,AE19 5960 3502 7625 6852 708,1592391620000,true,74465
67-327-0021,FR38 5016 3412 09EJ OZWT AJPK 516,1569351028000,true,12013
34-657-4570,GB46 JIRV 0622 9861 5699 50,1563287116000,true,58073
90-753-5870,MR41 2559 5443 4291 7856 6497 042,1580875753000,false,66738
28-291-3923,GI07 WFHT XAJR QB1K ROZI YYM,1591385263000,false,74835
06-924-5737,BR85 3129 2707 0377 4489 0103 635U V,1569809304000,true,73729
04-185-2754,FR69 8472 3072 95VP 1ERB LBDA T27,1569877958000,true,53348
29-271-4060,FR08 8951 4035 13NJ PVP9 I2QJ M84,1567100552000,false,12956
49-210-8985,IE53 UPUM 2764 7707 8803 03,1566005862000,false,87758
22-380-4842,PS08 VCQE 2SDR BFW3 ZFQW OLGM ZXMU R,1566921287000,false,73721
20-779-0827,MC42 6236 4753 98LF FU0X ZGKX L14,1581853867000,false,82322
26-350-8565,BG68 BCJP 7335 80GV LWHM GQ,1567908709000,false,47900
11-556-9317,AZ78 CHCI NNN7 4XIR SBJK MYLW XCBA,1576794301000,true,95364
28-168-4105,TR60 3121 2YYP 5LJA BNRZ FULU MX,1575662425000,true,10324
60-655-0616,TR56 7602 9TX5 XB0I DYPX AATF MV,1589118923000,false,25237
46-105-0535,MT33 PVXZ 4042 6MTJ M4JV CHA2 WJKX LLD,1561584038000,false,29398
99-764-2194,BA09 1523 2768 1246 3443,1588946837000,false,14378
71-712-7378,FR54 1659 2111 73GX VOCN PXJ6 W57,1561481803000,false,52721
24-504-7065,GB31 LRMS 0788 1256 2654 87,1579855034000,true,37570
53-311-5256,CH86 2755 25Q3 RV7V I39A S,1590566997000,true,13288
72-910-8199,SK29 7641 1036 7957 8724 9603,1591191666000,false,34324
37-956-5917,AD04 8757 3449 U2X5 7YJO HE2H,1571692666000,true,18911
42-090-3808,AZ97 LLQZ 6HCX 3EGP NG6P E8IY FPDL,1564570336000,false,66103
00-146-5103,IL98 0080 3849 3390 6899 285,1564358106000,true,57918
68-784-6304,AD22 2830 8660 DAG7 YLW7 T8OY,1592470534000,false,63980
84-154-1993,LB39 1646 J5VF BUZG F2LT YMEH KY53,1580122739000,false,49469
92-109-3806,SE08 8867 2444 0194 0219 1403,1586571756000,false,47717
46-378-9242,IT89 N736 5697 508T EFJK PK5T JWC,1572747026000,true,55049
97-957-8309,FR14 0942 9305 35MS 1MSY RYWM I06,1577073556000,true,24618
41-472-9396,DO44 KECA 2385 4512 8237 5096 9774,1591088676000,false,91145
33-452-8956,RS48 7671 4398 7854 8567 42,1565768405000,false,26236
58-158-8902,AD55 0522 2229 UQIB CK0F J53U,1584053784000,false,97642
01-111-7645,NL28 SKJP 2706 4272 29,1582693549000,false,84367
07-722-5043,BR58 6425 7646 2391 8776 7481 300N H,1584740856000,false,66245
08-516-5865,LI29 0127 0FG3 MV7Z JVHH Z,1578694861000,false,23878
09-294-8066,GE42 QV76 3895 7249 0441 68,1590479721000,false,21716
50-210-2846,CZ92 2687 9361 0247 0739 9704,1584591006000,true,49959
21-126-2661,FI49 8444 7020 1432 18,1562127597000,false,22555
18-363-0732,NL18 PGFS 1466 1796 52,1567782744000,false,70764
24-279-8083,CZ81 9122 3498 4197 3219 2386,1569029007000,true,13393
79-736-2073,PK81 YVIP RSEG 4FCW Z9DN V99V,1565232402000,true,82951
67-288-4464,GT82 ABUU GJ3T QTZX LOOA RDU3 REZB,1577466085000,true,69235
10-511-0983,BA12 1015 7730 8894 9473,1590213523000,true,33389
33-154-8525,BH40 JQUP X0RI OIH3 MQ8B HE,1577224764000,true,59325
82-211-9758,MT52 WVRW 6420 7GYF BKLR 6ZMF TRMH FMQ,1578018824000,false,20731
06-418-8847,DK17 9812 1364 2158 19,1575562056000,true,96262
50-790-8164,FR33 0139 2120 75F5 6IGJ QGOZ U14,1584623929000,false,54851
93-629-8037,FR22 9130 4853 10JB YQOG YGO0 F95,1583635792000,false,43933
67-272-7568,AL02 0349 2034 VHFH DSNV WYLO TLCO,1571441224000,true,50887
05-683-7181,SK36 4793 8342 1193 3564 9520,1580821190000,true,18135
91-387-9749,CR98 7806 9660 2633 5032 8,1580760591000,true,99107
22-906-6175,PS36 OYWC LT9U WYVP TAVG WVZC VCYT B,1587895075000,true,88834
83-487-7021,LU94 140R L687 VQCS WQ32,1570535125000,true,68504
46-310-3619,HR31 3392 7479 6602 0935 1,1569377557000,false,98502
19-964-5123,AT86 0586 1857 9310 6481,1569869662000,true,76896
05-767-2583,SI05 4994 7639 8162 536,1578760312000,false,33766
24-817-8253,BR06 6321 8032 7948 5902 7861 541D 6,1577211789000,false,26118
06-160-3777,SE22 9585 4237 1606 6493 1503,1571393168000,true,17783
34-469-9553,RO13 LCAE WOPT KNDR CQ9A UR3U,1568386366000,false,60182
37-992-2841,PS70 CDLK ERHM DI4N IPUQ I6RJ NQMO L,1582856829000,true,36216
69-504-9958,AL58 1915 5642 ETKG CDFW PVPQ UBRY,1566091527000,false,85557
97-497-9677,MD54 BQND M1EE D6YZ JDWZ V4XB,1590406745000,false,86796
37-679-3528,KZ30 410Z HVAH TSHE 5KXC,1586549273000,true,97290
41-522-7989,AL38 9164 6725 BSGE AQXW SOEK FSIJ,1566150882000,true,98833
67-473-1837,SK62 5553 8207 8098 5691 6378,1576263382000,true,51857
52-066-6298,VG78 RMKT 4979 0266 8018 8543,1584893175000,true,92956
91-078-7329,FR93 0811 1455 79NI M81M 6XJ1 B67,1567481983000,true,16825
15-978-4035,PL64 3503 4666 3791 5331 2680 5311,1582767217000,true,47943
57-475-9088,AL52 2256 6536 5JQU Y3IA CBRF KDX6,1570183050000,true,75605
32-041-6190,CH69 4396 6QOS Z9UP 9PVE X,1564629311000,false,47684
42-581-1051,FR22 5051 8441 56OO UYNK SS41 143,1588346733000,true,86136
87-603-3092,GT03 B57B KMEN XB5R FE0E PZVI M1IK,1586347070000,true,43412
51-002-1329,SM25 V955 5733 551Q Y46U ORDB MTA,1591823009000,false,77116
34-135-3578,AD13 9478 5924 MUSQ STLA OJPS,1562893266000,false,39595
30-889-7785,BG81 SEXN 4490 34ZO GO1D ER,1582418054000,true,68588
99-413-6393,DO38 YJXR 5120 7518 5489 4842 1357,1565982742000,true,49230
43-943-5998,VG37 OSYP 2664 4311 6006 4641,1577086074000,false,97273
74-202-4717,FR41 8620 8487 02GP CQNH WYQS U76,1570721725000,false,83974
32-672-1834,AL30 5944 6224 XZGT BGQB XVIS BYJS,1583703315000,false,84456
47-077-5631,FR27 2026 1119 84E6 0M1D 1NTY U08,1561641080000,true,93138
51-942-0020,CH11 6258 3CL4 KHU2 ZJZI Y,1564438842000,true,86908
76-506-5214,BH98 FQCX ZOYO DP7W CJN2 KA,1561758338000,false,86577
05-832-0298,SE57 5407 9338 8971 6432 9661,1567153135000,false,81158
89-358-3737,TN47 3251 4241 6988 9106 7950,1576840306000,true,71790
09-867-2098,EE79 6984 6888 9121 8462,1579841326000,true,92936
26-735-8300,TR36 6902 7673 JX82 TNRM ROOU XM,1591399896000,true,18947
14-695-2631,TR58 0784 0YAQ R7AD YFZZ 82QV JS,1581604145000,true,53052
11-415-6718,SM31 A866 3378 308K ZWES EDGI ZCK,1569863875000,false,17997
13-904-6982,PL34 4924 6463 4863 6943 7182 8237,1591643300000,false,73327
20-529-1742,VG09 ZXCL 0874 9680 4086 7917,1568758717000,true,22291
88-226-2049,BR68 4771 3835 8745 2389 1429 404A 6,1562958560000,true,56495
10-075-2529,IS04 6107 3284 9837 8967 3845 02,1580218474000,true,29188
34-416-7187,VG33 NCPA 4575 2340 4248 7729,1575126132000,true,94626
92-356-9179,BR49 5259 8180 3353 9281 6359 932T Z,1562547734000,false,76004
22-844-9815,GL54 7378 6510 7602 53,1588174297000,false,73474
78-565-0206,FR16 7328 5188 83U7 LKUW QM4V C27,1567491989000,true,14388
35-997-4784,ME52 1442 0264 3779 8820 07,1565657243000,false,79060
01-370-2510,CH21 8223 1JWJ VCHL CQFW V,1580758408000,false,34324
11-451-7906,FR14 9894 3921 70HP 1Y5G XJ33 G87,1584579158000,false,91831
84-218-9908,ME90 6086 2881 4798 3708 05,1565505279000,true,24431
99-643-4877,HU38 4018 6382 6500 4163 5307 2399,1585405753000,false,90580
89-138-8641,LV77 HONR MRED IA7D G2JC F,1577111184000,false,96861
81-809-5185,CY43 2404 1974 HZ8H MT1A A1GZ YDG2,1578511981000,true,69747
00-759-8680,KZ39 0218 H6MG 8NB1 ZTEH,1584705647000,true,22513
10-921-4537,MK49 992N OPNI VRWT F12,1583355476000,true,43942
16-179-9089,BH52 SZQA ICG5 XPUX PYQU EQ,1561998206000,true,97928
32-434-1648,TR10 0579 35IR 0R1P E83T ULLI LV,1567785636000,false,73565
64-113-3146,MR04 3839 0928 6848 6471 7535 764,1583521856000,true,83870
28-407-0950,DE96 1100 2423 8766 0378 13,1584855360000,true,13846
34-873-3856,AT72 7271 7697 8207 1084,1574215560000,false,25323
67-145-7026,SK74 5728 1331 7915 7042 3828,1583653753000,false,86678
76-234-7119,KW17 TSBC ZEST W18G UV6U ZT8B NFAA QG,1568378597000,false,16700
31-969-2404,FI17 7313 1692 6750 03,1586706219000,false,82863
42-880-8892,TR51 0102 00YQ HTFP RER6 CV1G SA,1565517940000,false,62986
63-300-5422,FR22 5189 4105 49G1 AFZY I7ZJ K84,1576100128000,false,46858
85-297-1216,IE52 XODC 6422 8675 6725 17,1566167591000,true,46751
49-447-4329,FR33 7336 6438 35ZV HQLS GOTW S44,1591681661000,false,49203
81-816-5916,PT47 9840 0737 6981 4087 5157 9,1577479845000,true,21962
45-360-9712,NL64 WXTW 7307 0858 16,1571454054000,false,39473
48-479-6872,VG27 KUXY 8613 8186 1690 1603,1569353605000,false,52071
73-958-0482,MT18 XEML 7745 9QVT MOP9 MWNT BL0J 2HM,1578760889000,true,94947
55-319-3143,LV11 EYQO 3IPT HQM6 W0DO V,1590897013000,true,41412
92-386-8968,RS76 6256 2042 7587 9147 88,1592811607000,false,64568
78-360-3334,SM87 O816 8314 102G TVOD C0F4 6FY,1584487996000,false,38593
87-429-7893,BE61 0904 7146 5993,1589696363000,true,29348
82-130-9300,RO48 AKYI 9S4Q CAGB HYHO WLCI,1569199035000,true,20195
18-998-6377,FR98 4364 5391 523Q 4AE3 TLG9 C87,1581494389000,true,82850
98-215-8780,LT04 8246 0985 3597 2371,1562712029000,false,21420
39-237-8691,ME96 5860 6758 1150 0273 58,1582103319000,true,62898
69-783-7017,IS20 6059 3203 4403 8298 6631 40,1583969378000,true,96137
94-138-3835,FR59 1130 4622 21IV BV5P M71W Q09,1562459517000,true,59465
60-686-8521,FR10 1977 0919 17ZV EOTK AMNW C12,1568189129000,true,28329
69-478-7812,TN40 9692 0156 7190 7861 0663,1576528170000,false,35183
21-610-9651,FR52 7085 9144 65VZ L3AG AKZ0 Q66,1589051752000,true,69859
87-548-2882,FR34 8550 9554 29C5 CEI3 6DEM U87,1591880445000,false,30045
24-080-5762,IL87 5567 1124 9383 4527 775,1586386831000,true,94314
44-537-4277,SM90 U460 6039 741G OWQV IHTT DBU,1563496933000,true,92053
77-465-5941,MU03 FKOI 6299 3768 4954 4341 988G KZ,1561425260000,true,21430
43-887-9157,NO24 4943 5300 477,1565052503000,false,16142
34-470-7093,ES36 9389 9232 3619 9290 4903,1562277116000,false,32851
91-896-4431,GI77 MVCY 6OPE FL5Y VNCZ 3YZ,1582021256000,true,96218
21-596-4851,FR27 0639 9460 52BS PWCX 6B7S F57,1570907818000,false,34541
86-237-5491,MC22 7233 1897 84J1 4X4C DSKW L91,1573323464000,true,70814
33-432-3950,SM62 I391 7008 614G XHVD ARQB P31,1576042402000,false,68088
70-079-4030,GI82 MJTX MK0G 4TXM XJ0G KEU,1580375124000,false,14434
20-854-3711,DE95 7992 2002 2094 6844 42,1578636346000,false,25742
27-675-5616,FO03 8675 5315 2299 45,1581660681000,false,99068
15-003-7869,SM72 M959 5962 887X F8WG UX2N SQP,1571971926000,false,28663
10-369-4472,TR56 6353 37QY HKO5 FORE KEUG J6,1582329059000,false,16109
57-654-2014,FR47 1652 1989 082F XLCE LDAB E15,1578581683000,false,98581
12-221-9670,FR38 1846 9702 10UG 7OV4 RPZX N03,1580799371000,false,81835
37-441-5443,HU75 3266 4774 8942 6557 1324 9533,1584057014000,true,93214
32-331-1695,AL26 5888 5036 YJME JRMG MPHB HRJD,1582937227000,false,70426
39-689-8678,IE44 FLOD 4839 6644 6259 76,1590271204000,true,79374
89-375-6030,ES17 5768 7515 6782 3765 6687,1568379626000,true,49234
78-816-2395,MD10 S3YR 9UEI MXWV HLN7 MKHK,1587036421000,true,98542
47-468-9193,KZ11 378W HBGG DE2S 2TYH,1579931464000,false,25755
53-851-5268,FR14 4967 4479 84IM UUTM DDEM O40,1561732130000,true,25586
23-887-9331,AL24 5495 3409 FP3P IZ8C KCYC LJEP,1567644697000,true,58635
38-995-9894,IT43 A499 5479 623Q MIMS 3G6F KPM,1564841293000,false,23692
73-553-4347,CH81 7696 3KGN 5XS4 EWCK H,1581205443000,false,19581
30-086-8816,FR61 4654 4805 05ZT ZKZT LCYM C71,1590648449000,true,79052
48-443-5905,GB78 KTUH 8215 7610 9701 60,1581268234000,true,18696
39-179-0488,FR15 7025 1011 39TT UYGL 5UN6 271,1584171627000,true,20918
06-679-5458,GT48 MQYQ MYCJ HTWY ZLAC TSOZ RCK9,1577586008000,false,44763
08-289-8139,MC31 7940 9907 10CQ R5T7 H72T B15,1563286843000,false,16029
12-844-7662,HR08 9989 6135 4793 3444 1,1575264434000,true,10529
04-884-7015,MD45 VVDD JTHU LKNR 6WVS MZMO,1589681943000,true,27395
14-132-1983,GL70 0187 7281 2346 09,1582201278000,false,30212
35-240-5065,LV97 MINK RGNB TUGX 4A39 G,1574560831000,true,46386
31-359-4078,FR32 9169 0493 15WS KY2Q 0MVJ 341,1588542339000,true,73460
17-778-6330,BE61 3913 9337 8616,1572726631000,true,14174
67-151-2057,PK06 GGMS N25G POW1 SGFD DNUO,1569796167000,true,32177
53-096-9099,SK02 4061 0172 0513 3364 7378,1570571766000,false,90161
32-777-1078,FR73 6048 2543 809T PDTE QPAK R08,1592438058000,false,87633
14-117-8148,MD79 XFNY BEUT 7G6I SB3R F7C8,1583301629000,true,99181
89-481-0529,DO87 MMPO 1797 3325 9962 0373 9071,1588164547000,true,39478
12-499-6580,IL45 1551 6785 8403 8669 958,1567584013000,false,68791
32-410-6040,PT89 0446 8094 2445 8171 0146 0,1582714176000,true,38517
07-741-1392,SE74 2881 3743 6135 8857 8461,1590931975000,true,66755
13-104-7920,FR09 8683 1522 78DX KSED SRMA 701,1581135844000,false,46824
77-714-2808,KZ65 671W DHWY UR5Y WH2P,1572673775000,false,93341
08-680-5996,KW59 MSYV YDLH SGBK SZAQ TC93 HIP5 A7,1568122215000,true,61361
08-284-6607,TN57 0055 6963 6357 6107 7662,1569727213000,false,42982
05-923-1449,TR94 4178 5ZFO TVED B4NW XFNX OV,1566046244000,false,28838
80-926-1679,MK34 749Y T5BB ZZ1S C06,1585153191000,false,27177
20-698-6191,FR10 0105 8446 41QM SK6J XPEV X55,1591767621000,true,51434
62-714-9034,BA81 6439 9383 4212 5049,1587000010000,false,10933
97-187-6664,DK88 5199 2024 7512 97,1571650227000,false,21476
24-771-6466,IT15 D827 1969 141X TQDV KLH5 SJY,1582204071000,true,50755
97-474-4782,TN13 5318 9863 7778 0776 7406,1580103101000,true,49063
95-820-2062,AZ76 LDGA LD8W RZWH 5GOX 6UKX ZKIV,1587638638000,false,33013
62-416-5059,SE94 5679 8805 7811 2113 0098,1578907272000,true,14332
31-722-6097,FR07 8720 8036 50W4 WQWJ MTWX C03,1590603845000,true,46279
27-843-3776,BA62 2385 2715 0526 3918,1572044438000,false,19520
52-219-9138,NO05 2627 2515 522,1567531713000,true,47915
14-062-3844,FR97 0003 8488 835J QRSA D963 R17,1582266541000,true,33137
10-903-8706,FR63 8815 3932 98LH 42KJ 5XDQ 135,1584320586000,true,87493
41-220-3573,CY89 4073 0404 CHIT JL0I ABYA AZW5,1581093234000,false,43758
39-519-9482,AZ72 SZLC V7JJ GORB WJKZ GMFK MKWL,1564331605000,true,91495
27-538-9424,SI50 4070 9416 7824 296,1577917187000,false,21728
41-500-5060,ES21 4611 7451 0133 3538 3592,1592583419000,false,29633
26-888-0337,MC97 1237 5661 26XJ IWGE BCCP 518,1585201181000,true,50464
20-356-9349,VG18 KETV 5766 9115 0414 4654,1578208285000,true,74454
89-376-8431,PS70 IKHR IGTY KZA1 6PXZ OUMY FP7R Q,1591811255000,true,25863
54-299-3011,FR66 3580 8659 65XR GVME XGNA Z17,1592328168000,true,14152
15-901-6925,DK40 4977 1280 8159 13,1590395106000,false,20437
67-688-7720,DO07 CWP1 0741 5210 9924 0348 1176,1566951364000,false,55738
57-417-6601,PS14 CBJM VZXZ WGUA SBHF ANQC 0ND4 N,1590345369000,false,58952
54-337-9987,BA82 6838 3672 4959 0569,1591364269000,false,31503
79-678-8916,FR84 4375 5506 64T8 FPYC GR58 R81,1579894495000,true,92938
06-436-6482,AT33 0011 0859 4108 7477,1591584776000,true,63230
01-087-7712,FI07 3882 9058 4996 96,1581266303000,false,21670
09-076-0046,RO92 DFMN WJGQ OGG8 L8KK YVHO,1566274217000,false,84253
07-319-7544,GB96 EJUM 9444 3527 3374 57,1565664767000,false,13029
92-962-2518,GB22 UHXL 4322 2049 5267 00,1574310580000,true,86607
98-105-6649,NO30 2340 1368 034,1590963312000,true,12917
16-316-5277,EE30 1180 5682 1734 6746,1586004731000,true,95272
10-222-5765,FR66 3109 3472 52YM CEHT QJRV Z65,1584101398000,true,99757
02-722-5013,MC40 4718 5046 73Q0 ZIWE FQFY Q86,1592468982000,true,68786
18-556-7778,MU47 WGSN 5179 4826 2832 8788 569K IO,1566174916000,true,45267
76-238-8103,AL86 8350 2563 MYWV HAC6 QADI M5DM,1562455439000,true,45308
22-808-8480,MK64 351L QWYM 95TD Q83,1583507186000,true,18534
95-704-7195,GI65 ZWPY R1W9 PG13 S2BA EDN,1582908252000,true,33970
54-928-4261,CZ36 1083 7979 9702 0992 8454,1578768351000,true,27339
22-405-8035,FR29 4129 3836 93BO LAEO 25B9 B71,1571701687000,true,19092
90-785-5339,FR63 4329 9505 05K1 FS1L XKDR Q63,1570477974000,false,73484
78-753-0027,SI85 8070 8017 0725 491,1590189976000,true,68874
20-121-7356,MD84 0EZG SYAJ MAGV TNMV I4NZ,1590863926000,false,82488
12-343-1950,FR24 5157 1472 42HG FPFW HYG3 H12,1566110105000,true,54288
14-825-4269,GE93 RQ93 5463 1206 4740 25,1590631739000,true,18468
20-025-1706,CR56 1026 8104 2801 4225 5,1580411786000,false,74561
76-435-1842,ME03 0456 8817 9317 9196 18,1581620022000,true,93442
30-487-6199,GB24 WFEY 6521 0452 0095 63,1569091822000,true,29101
25-599-6846,GL97 8042 0589 7137 62,1587349614000,true,33408
90-267-7473,PT67 6157 3307 0994 5452 3593 6,1561944722000,true,30977
12-740-2009,TN58 5322 9443 8840 0515 1972,1567849741000,false,47012
18-536-5379,IE07 OBGS 5612 1725 9937 91,1586730821000,true,97574
07-366-8843,AZ76 ISSV RNMS CXNK BGTX 33XA 9LMU,1585395269000,false,74019
23-746-3181,VG06 LMZR 5346 8540 4587 9452,1568762484000,false,65730
23-130-7585,TN73 7176 8015 2193 5188 8304,1561764841000,false,59433
16-649-2768,SA95 44P4 G5AE NXQL 7OFH SEZR,1584602406000,false,53020
65-292-2760,FR22 9516 0542 89H5 2ISC BSXM Z66,1578617728000,false,61928
45-773-3318,BA63 7943 1601 8512 5872,1592160566000,false,60352
23-298-6375,FR37 4841 1112 09EG KWPH QK0M 166,1574802381000,true,90887
35-033-0090,DE82 1738 5505 2031 3134 68,1577610676000,false,19185
42-338-8635,BE05 2013 8288 4476,1583661581000,true,73386
91-232-6430,FR72 3055 8384 57CV XAC5 APIB 474,1579914158000,false,31257
61-394-3699,HU82 6402 3340 1332 9158 1576 4637,1570667647000,true,97611
80-159-6899,MC19 8704 0936 92LQ BQAH 2KCC Y66,1579575957000,false,29479
48-725-2026,MR69 0348 3509 7104 2905 1439 719,1591027748000,true,37386
65-397-4218,GB84 ANIO 2977 5174 3425 53,1567444169000,false,14315
11-661-6062,AE41 3109 3956 7050 9766 361,1592840422000,true,56582
61-858-5379,SE95 6432 3557 8682 9452 4987,1570066675000,false,26725
13-470-1869,NO68 1468 8236 135,1577063477000,false,77569
12-866-9104,IE79 ATVD 0120 0823 3867 31,1573635514000,true,17298
55-235-3928,LU22 741Q FTGN 5ERA O4DG,1562488460000,false,46592
09-852-8532,CH03 6405 5IQY EBLQ GUWP S,1573155182000,false,54930
31-556-0581,BA96 8463 7731 5889 2898,1574242245000,false,25183
46-894-3345,IT75 F189 1888 8223 YKBO EVCR EFE,1574584812000,false,26780
77-199-9167,KZ11 099L D2MU MUWO YP2V,1567095437000,true,93781
46-823-8480,BH76 SUDV STVT PDVV PSM3 WY,1564897478000,false,82616
30-312-0888,MK62 879U LAJJ RST8 G06,1571695689000,true,92699
79-180-4097,MR06 5359 7183 1543 8696 8430 937,1564903912000,false,69667
10-509-0288,HU26 6671 5057 6154 1803 5383 4588,1586767091000,false,44685
10-804-4689,LV56 OFPI PCAW TDYP IJNJ Z,1567340060000,true,33162
72-555-4944,PT11 0422 0494 1357 5036 2854 8,1565553936000,true,32413
07-905-3961,FR65 5755 9047 95LK AC9W CBFS H36,1578132931000,false,76912
35-060-8611,DK85 4993 5106 1738 31,1584399910000,true,73491
41-988-0188,FR06 1539 1984 65Y4 OUXU BTPK C35,1586572030000,false,98410
94-945-9375,ES52 9553 7028 9261 0492 6187,1587762540000,true,55985
58-730-9410,LT18 0500 6022 0692 3396,1584857985000,false,67800
34-896-9343,FR04 6094 7275 59XC MW8G JSN2 Y80,1587519049000,false,16445
24-323-4684,FR94 6345 0351 19FT GHVC F7MT W80,1563729830000,true,19634
17-404-1333,FR33 3068 0423 98LH YFNB 173Z T51,1592555457000,true,12809
19-130-5505,SK15 3490 0161 9835 5044 6893,1571686253000,false,76115
19-288-4783,MT58 VWGU 8923 7QUX XIFN JXGU YMQG 66R,1562484115000,false,31819
43-241-3771,BE50 6029 1817 2486,1577604825000,true,97045
28-482-0390,FR92 1267 0821 49E9 YLBA KG6C C74,1574416727000,false,52929
53-551-9512,LU27 057L GFVZ SHZN VEIS,1573342873000,false,41404
87-034-1608,PS47 UUKF 5IS1 FDDK LPRL CYNJ 5XYG K,1578106732000,true,42325
01-786-9678,DO51 DRCB 5193 9057 6326 3764 4625,1583209683000,true,25349
38-426-5455,CH38 5801 3YYJ 4W3N 8T0U 6,1563188249000,true,92596
37-829-9143,CH17 3213 1OOT I5DM QDSB V,1582468483000,false,88850
63-008-7782,TR22 3284 8QUF 8BIX 6BQD LFWC XN,1572833897000,true,50545
48-004-1068,GL63 0317 4759 1115 77,1583052341000,false,12031
27-793-5011,AE53 4592 4158 2971 8002 638,1581022829000,false,41878
87-580-0286,IT52 F075 6441 814K CTDR O8X9 KGM,1567599086000,true,70690
43-638-7495,TR92 1815 0LDA HHO7 MUJY BLNN R8,1589382190000,true,67573
88-531-7042,GR98 9213 339M SR0V CM2Y L37R FFR,1586929951000,false,23295
70-547-6391,FR76 1926 8591 34NO 5LQT M6L1 003,1584993209000,true,64285
73-439-9268,MC55 8748 4949 84W3 CHVM WA4Q H85,1588961730000,false,80351
58-107-6283,PS33 FWMN TA6Q 4MVW 5FNW V6FX VPY8 G,1572122639000,false,27730
57-162-5830,MT11 TVTU 8520 8SWU CWTY SQPC 6IN6 IOI,1577454009000,false,37631
51-673-5286,GR81 1163 364B XAQR FJEX UC8B MMP,1586211647000,false,32119
55-500-6262,FR35 1419 8945 09EG Y40T 3RDM U95,1584433197000,true,34367
35-451-0612,DO52 E7DO 3419 9089 5127 5372 1577,1561351052000,false,65588
53-343-6642,FR55 8885 9424 67CH 44Q1 RSMU M32,1573522906000,true,85809
11-934-0889,KW76 ZNGK LHFT JTEV 2HWY YRUV KGOW IH,1587151042000,true,36956
35-406-0109,LT06 6182 8454 4257 3759,1562928057000,true,25550
82-945-3199,GB94 FSHR 9677 8185 1138 41,1581743511000,false,16045
28-386-9636,FR53 3853 6597 07II UOZB 2PRM H88,1591572590000,false,62500
97-468-2394,EE74 8444 7135 6483 3016,1575480048000,true,45412
11-715-9985,PK31 DGLJ IJXE TH8V WTIJ KMBA,1562060351000,true,91729
82-813-4965,ES93 5316 3818 1954 1714 4107,1575519744000,true,27786
92-749-9155,BG54 FSXX 9011 51AO GBSW VS,1572030451000,true,18850
67-375-8946,HR88 1776 4444 1198 5175 5,1573494799000,true,61884
77-581-6150,FR21 2543 1431 628L QEOZ ORN7 474,1590258457000,false,63242
01-259-0888,SM90 F159 8464 147D KYI3 2UDW PNR,1572937565000,false,57230
61-682-1659,VG17 RBFA 2210 2308 0592 5195,1571163920000,true,21779
35-977-7246,AL48 2918 2322 SEGB QWF9 7WWC UXMN,1590843794000,false,52554
91-549-5462,LU45 942T 1BI0 3EM9 DJME,1582105675000,true,26101
09-692-9227,IL51 8193 3797 1743 7949 123,1563222892000,false,67311
63-005-5287,BR83 2578 0257 7358 1988 8485 411Z 2,1587492069000,true,80972
66-475-5438,ME09 7884 5488 5652 0443 97,1589756570000,true,89523
32-011-0977,FR24 4518 2682 85MZ OOHE E5QJ 948,1568799740000,true,19303
88-471-0260,GT35 7JZK OTFS LYCC 0T7T ERPW IGBE,1587242358000,false,53188
36-430-1383,FR84 4271 6496 94C4 XS0N 37UW D13,1578237147000,true,24413
75-301-4485,PS13 FSPC SKIO IEJM KDYB WG0U Z8DZ F,1578067501000,true,83889
21-586-5463,IE84 SXDB 0600 0314 7572 38,1585671263000,true,75832
93-126-2277,FR23 9433 6391 07ZH BNT3 PFRP L69,1573387117000,false,10968
33-472-7598,AL89 8444 7612 A9GS MSMK PF48 WXAV,1567562929000,true,69769
54-329-5581,IL34 2546 8519 5884 9237 186,1581271960000,true,67854
10-428-6036,FR45 4851 4002 38PD TKMA VYRH P77,1564940182000,true,82756
70-549-4483,FR28 4240 3808 21ZQ FCQN 9OUR D47,1570738249000,false,80060
51-485-6615,KW49 SRSU RKQI ISEK B6EI E984 CUQC CB,1578093391000,true,63714
45-094-1793,GL51 9249 4195 4557 50,1565752648000,false,78051
35-411-5539,PS68 JDIU 4YA6 Z6OE 1APD SX0D AKIX P,1573866659000,false,10446
95-163-2365,AD22 5449 2125 AQMR YFCD MDV2,1584696961000,true,29042
74-116-3874,HR19 9680 8242 4346 1513 3,1568056928000,true,20046
77-523-1384,BA71 9701 4803 1386 4773,1569622426000,true,18312
29-638-6842,LB51 5171 YNXY J1GK DHPU CY1W OZNA,1585298776000,false,18363
26-162-2342,IL18 0934 2344 7857 8923 221,1583340366000,false,70817
30-111-6427,LI22 6642 9IVU AWTJ JQES J,1576419097000,false,50867
62-798-1940,DE29 4254 9454 3824 0284 02,1586194540000,false,59864
13-833-7197,MC90 1162 1429 19U8 QY8N CGSW N12,1561321776000,false,28177
00-855-1871,BR70 2222 0270 0145 8703 9875 439J Z,1583085402000,false,32882
94-123-8656,BE44 6328 8546 9285,1573364636000,true,14352
58-003-1541,MD60 0QOT 0ULJ LQPX PUJG 8VNH,1577287153000,true,94623
20-444-3502,BE63 6060 5515 6520,1561308675000,false,72292
75-553-8705,SK90 4133 1303 3986 1545 5855,1579744978000,false,94336
08-845-4085,MC42 4944 4925 79V5 DVRJ 8YIX D73,1574983353000,false,21095
80-655-3415,GB88 YMSD 9492 6199 7966 43,1573751869000,true,20701
36-539-3521,AD80 0547 7982 BLOR ZULL GNUE,1579872536000,false,25381
40-518-2083,IL76 8420 1948 3176 9227 156,1572881338000,true,34096
67-105-0045,ME87 3264 8169 5883 7124 59,1571217441000,false,55167
13-959-4849,CY59 6138 5982 OORE LY8J WQVH RIL0,1586649192000,true,29988
12-037-3242,LB56 7211 DWJS MYFX JSDV OB4P TAQA,1572330866000,true,39839
97-952-0452,MU75 NPGI 2334 8751 3503 7521 388D EW,1588054954000,true,96023
79-579-5631,KZ96 175C TPIN XGUD OGC3,1577555192000,true,81977
19-112-8681,GE67 CQ33 5305 2090 4842 22,1562059825000,false,77004
64-849-3393,TN19 2958 7104 1312 1163 5858,1563294493000,false,57832
39-256-3454,RS03 0680 9281 3822 5676 64,1587909099000,false,52841
37-947-2021,CR82 2867 8701 4530 2237 0,1584580966000,true,65001
73-841-3064,GL94 9723 2335 6433 78,1570384227000,true,50951
95-006-1066,AT56 1404 2173 8423 5932,1571200180000,true,81202
04-215-2447,MR51 9724 4069 2316 7756 5134 580,1584834586000,false,57546
37-489-5204,LT69 1477 9303 0728 1047,1567007009000,true,86081
20-337-7617,FR18 5900 7514 60NQ EXGK 0P8Y A03,1562163751000,false,74767
82-441-8822,FR41 1576 3901 04YO 4KJV JZA4 B15,1576369195000,false,76814
49-112-1146,HR97 4721 1973 9744 8577 9,1589116430000,true,38312
10-740-2411,HR22 9215 0744 2747 8372 4,1588297067000,true,74646
75-516-6313,FR09 0432 7715 82OM UMLZ J3GS E04,1590739876000,false,98111
42-363-7066,MR20 7547 3809 0227 9680 2140 978,1564484369000,false,73470
71-975-9764,MR42 6084 4095 0537 1499 9229 691,1575210534000,false,53110
75-490-4549,PL08 2945 5257 5903 1263 2940 5775,1580057492000,true,25143
88-651-5931,DO19 YOPU 3782 9191 5970 0784 4283,1578813635000,true,43592
85-981-1200,SA21 77S0 VOIE 4ROK JD6F JKAV,1562805738000,true,77790
75-020-3755,FR22 0642 0902 74VD XMUC 4DAP Q06,1570723561000,true,28969
04-171-6000,BE37 4482 8396 3729,1571478980000,false,48404
88-532-9087,CY14 5925 4175 9NQS OVIR FHDH AJSV,1588486224000,true,16311
33-689-8198,DK34 0637 5170 9788 44,1571576872000,true,72717
